checkpoint_success_rate,cosine_all,cosine_policy,cosine_shared,cosine_value,current_batch_mean_reward,diversity,event,norm_current_all,norm_current_policy,norm_current_shared,norm_current_value,norm_previous_all,norm_previous_policy,norm_previous_shared,norm_previous_value,phase,phase_env_steps,phase_fraction,previous_batch_mean_reward,previous_distribution_count,seed,total_env_steps,wall_time_seconds,subsequent_specialization_gain
0.599609375,-0.09514625370502472,-0.19168145954608917,-0.053560931235551834,0.1024480015039444,0.007080078125,1,gradient_diagnostic,0.18788595497608185,0.08766214549541473,0.14849944412708282,0.0745948925614357,0.07114341109991074,0.059666767716407776,0.03844895586371422,0.004789471626281738,2,0,0.0,0.003936767578125,1,0,50331648,5.446335792541504,-0.0283203125
0.650390625,0.34371501207351685,0.2546602189540863,0.5189592242240906,0.48310941457748413,0.007354736328125,1,gradient_diagnostic,0.07828021049499512,0.06608447432518005,0.04134383052587509,0.007163850124925375,0.26955801248550415,0.14724378287792206,0.20860294997692108,0.08640377968549728,2,25165824,0.5,0.00396728515625,1,0,75497472,700.4362421035767,-0.0791015625
0.609375,0.4138999581336975,0.44905608892440796,0.23162755370140076,0.8332924246788025,0.008148193359375,1,gradient_diagnostic,0.09944046288728714,0.09326369315385818,0.032496772706508636,0.011586545035243034,0.08101443946361542,0.0670425072312355,0.03809623792767525,0.024845877662301064,2,50331648,1.0,0.004974365234375,1,0,100663296,1386.3013894557953,-0.0380859375
1.0,0.3003765642642975,0.21161489188671112,0.3896797001361847,0.9175807237625122,0.0172119140625,1,gradient_diagnostic,0.11179062724113464,0.09256227314472198,0.05801164731383324,0.0237490963190794,0.07481148093938828,0.059636496007442474,0.04082893580198288,0.01931953802704811,3,0,0.0,0.0054931640625,2,0,100663296,1395.1895666122437,-0.2138671875
0.521484375,0.9487147927284241,0.9599543213844299,0.9594550728797913,0.932836651802063,0.003173828125,1,gradient_diagnostic,0.6258492469787598,0.22317616641521454,0.4301571846008301,0.39603596925735474,0.3637638986110687,0.1332252025604248,0.24693776667118073,0.23151016235351562,3,25165824,0.5,0.0023193359375,2,0,125829120,2082.553259372711,0.2646484375
1.0,0.28034716844558716,0.7449677586555481,0.04651029035449028,0.7981605529785156,0.016204833984375,1,gradient_diagnostic,0.26655253767967224,0.25753694772720337,0.0660327896475792,0.01909574493765831,0.2046935111284256,0.07289613038301468,0.1849658042192459,0.048715848475694656,3,50331648,1.0,0.006011962890625,2,0,150994944,114.30684351921082,-0.2138671875
1.0,0.5175452828407288,0.8295661211013794,0.22013267874717712,-0.10136326402425766,0.016845703125,1,gradient_diagnostic,0.10999574512243271,0.08690403401851654,0.027128294110298157,0.0617317296564579,0.11719770729541779,0.09132840484380722,0.05962403118610382,0.042888227850198746,4,0,0.0,0.007720947265625,3,0,150994944,120.68444919586182,-0.232421875
1.0,0.04839835688471794,-0.012726477347314358,-0.04709048941731453,0.3252560794353485,0.013946533203125,1,gradient_diagnostic,0.044971659779548645,0.04114765301346779,0.011202167719602585,0.014276983216404915,0.12773114442825317,0.02491869404911995,0.10097556561231613,0.07415010035037994,4,25165824,0.5,0.00872802734375,3,0,176160768,791.368926525116,-0.232421875
0.9609375,-0.18659503757953644,-0.7348225712776184,-0.07535533607006073,0.7487286329269409,0.01763916015625,1,gradient_diagnostic,0.0687326118350029,0.06821975111961365,0.007926853373646736,0.002720931079238653,0.11033892631530762,0.03159276768565178,0.04461221024394035,0.09584533423185349,4,50331648,1.0,0.00933837890625,3,0,201326592,1464.3525686264038,-0.193359375
0.587890625,-0.024280045181512833,0.028256002813577652,-0.18075835704803467,0.7216352224349976,0.006683349609375,1,gradient_diagnostic,0.19901925325393677,0.05090717226266861,0.1900266706943512,0.030116206035017967,0.0642964318394661,0.06303165853023529,0.01260632835328579,0.0014564970042556524,2,0,0.0,0.003936767578125,1,1,50331648,1547.173825263977,-0.0146484375
0.611328125,0.012415077537298203,0.045244328677654266,0.06407498568296432,-0.3171961307525635,0.00848388671875,1,gradient_diagnostic,0.049374669790267944,0.04360257834196091,0.02223953790962696,0.006486592814326286,0.07654977589845657,0.05066429078578949,0.03177981823682785,0.04778118059039116,2,25165824,0.5,0.003753662109375,1,1,75497472,2264.1778683662415,-0.0380859375
0.71484375,0.05009391903877258,-0.009507128037512302,-0.0394645519554615,0.8280673027038574,0.00830078125,1,gradient_diagnostic,0.07235126942396164,0.06957092881202698,0.01780698448419571,0.008803564123809338,0.10130658000707626,0.06905597448348999,0.042500000447034836,0.06072927266359329,2,50331648,1.0,0.003997802734375,1,1,100663296,313.18273091316223,-0.1416015625
1.0,0.08476670831441879,-0.13724379241466522,0.02756703831255436,0.9464953541755676,0.0155029296875,1,gradient_diagnostic,0.1664358228445053,0.13449493050575256,0.07628532499074936,0.061583660542964935,0.09569776058197021,0.06013434752821922,0.06282338500022888,0.03993925079703331,3,0,0.0,0.0050048828125,2,1,100663296,324.8364374637604,-0.22265625
0.962890625,0.021270422264933586,0.04228857532143593,-0.08905606716871262,-0.45627591013908386,0.01446533203125,1,gradient_diagnostic,0.15491722524166107,0.1540742814540863,0.01376250572502613,0.008429394103586674,0.17263832688331604,0.14402784407138824,0.05261941999197006,0.0793168693780899,3,25165824,0.5,0.005950927734375,2,1,125829120,1127.2041873931885,-0.185546875
0.939453125,0.14698883891105652,0.27979201078414917,0.07219906151294708,-0.019200420007109642,0.012969970703125,1,gradient_diagnostic,0.060966186225414276,0.05588959529995918,0.008439922705292702,0.022847240790724754,0.11189444363117218,0.06269868463277817,0.07537688314914703,0.053921859711408615,3,50331648,1.0,0.006195068359375,2,1,150994944,1883.2499520778656,-0.162109375
0.263671875,-0.11112742125988007,-0.15983916819095612,-0.20766808092594147,0.47948694229125977,0.001312255859375,1,gradient_diagnostic,0.49443623423576355,0.17117734253406525,0.44823986291885376,0.11935874819755554,0.0889495238661766,0.05372034013271332,0.059965841472148895,0.03781852871179581,4,0,0.0,0.007049560546875,3,1,150994944,1899.619679927826,0.5166015625
1.0,0.42619022727012634,0.5845839977264404,0.30681079626083374,0.46359339356422424,0.016693115234375,1,gradient_diagnostic,0.09148947149515152,0.0846494659781456,0.03327915817499161,0.009863553568720818,0.12364155054092407,0.07528331130743027,0.09156309813261032,0.035154759883880615,4,25165824,0.5,0.00830078125,3,1,176160768,29.09027099609375,-0.2197265625
0.92578125,0.007485107518732548,0.1816791296005249,-0.08123312145471573,0.49141210317611694,0.015655517578125,1,gradient_diagnostic,0.0707211121916771,0.06447259336709976,0.026584312319755554,0.011748852208256721,0.48717230558395386,0.06908348947763443,0.47518372535705566,0.08224809914827347,4,50331648,1.0,0.0081787109375,3,1,201326592,789.6535642147064,-0.1455078125
0.603515625,-0.028270460665225983,-0.028066543862223625,-0.0444929301738739,-0.45886877179145813,0.00628662109375,1,gradient_diagnostic,0.5598943829536438,0.16596364974975586,0.5199960470199585,0.12466706335544586,0.11225447058677673,0.10812801122665405,0.028124729171395302,0.010880988091230392,2,0,0.0,0.003570556640625,1,2,50331648,1418.9641950130463,-0.0390625
0.630859375,0.2824833393096924,0.2558276355266571,0.336174339056015,0.39691582322120667,0.008392333984375,1,gradient_diagnostic,0.0885772556066513,0.06747590750455856,0.056861527264118195,0.007726452779024839,0.18030117452144623,0.10869698226451874,0.1270170658826828,0.0675288513302803,2,25165824,0.5,0.003753662109375,1,2,75497472,2251.6242260932922,-0.06640625
0.638671875,0.09417447447776794,0.14517362415790558,-0.08310980349779129,0.44933995604515076,0.00799560546875,1,gradient_diagnostic,0.07027959078550339,0.06361471861600876,0.029344594106078148,0.00559318857267499,0.09420882910490036,0.0712425485253334,0.050515349954366684,0.035327084362506866,2,50331648,1.0,0.003692626953125,1,2,100663296,382.04990458488464,-0.07421875
1.0,-0.06277324259281158,0.04184651002287865,-0.15796570479869843,0.5969547033309937,0.015167236328125,1,gradient_diagnostic,0.33318984508514404,0.13706457614898682,0.29809632897377014,0.05802895501255989,0.09303458034992218,0.06305167824029922,0.06490491330623627,0.02161642350256443,3,0,0.0,0.005645751953125,2,2,100663296,389.59612798690796,-0.2373046875
0.9921875,0.10205565392971039,0.13558071851730347,-0.02265964262187481,0.8220006227493286,0.0164794921875,1,gradient_diagnostic,0.03183530643582344,0.03142135962843895,0.00419935118407011,0.002924114465713501,0.12031053751707077,0.06737513095140457,0.08806106448173523,0.04669545590877533,3,25165824,0.5,0.00531005859375,2,2,125829120,1077.8439898490906,-0.2294921875
0.99609375,-0.012387409806251526,-0.029536643996834755,0.002985768485814333,-0.1703079491853714,0.01446533203125,1,gradient_diagnostic,0.03944845125079155,0.039327193051576614,0.0030787598807364702,0.00027105637127533555,0.20110712945461273,0.08437521755695343,0.1778554618358612,0.041137970983982086,3,50331648,1.0,0.00579833984375,2,2,150994944,1755.3751740455627,-0.2333984375
0.900390625,-0.40649595856666565,0.38343968987464905,-0.49134108424186707,-0.36447831988334656,0.014312744140625,1,gradient_diagnostic,0.7995004057884216,0.15974296629428864,0.7567543387413025,0.20249921083450317,0.24943532049655914,0.09673885256052017,0.22783561050891876,0.03083024173974991,4,0,0.0,0.007598876953125,3,2,150994944,1762.7041018009186,-0.1240234375
1.0,0.07280036807060242,0.34374889731407166,-0.034178126603364944,-0.19030292332172394,0.01495361328125,1,gradient_diagnostic,0.07534438371658325,0.0752180740237236,0.004114511888474226,0.001445017522200942,0.12281161546707153,0.027482932433485985,0.05350640416145325,0.10707215964794159,4,25165824,0.5,0.0076904296875,3,2,176160768,2441.1539766788483,-0.2236328125
0.900390625,0.07240372896194458,0.12745685875415802,-0.010310813784599304,0.4505707919597626,0.01556396484375,1,gradient_diagnostic,0.07207852602005005,0.07160906493663788,0.00443866103887558,0.006910407915711403,0.09065791219472885,0.024048570543527603,0.030526772141456604,0.0819062888622284,4,50331648,1.0,0.008056640625,3,2,201326592,570.4274578094482,-0.1240234375
0.05078125,0.09075206518173218,0.3982243239879608,-0.13127543032169342,0.21251408755779266,0.000244140625,1,gradient_diagnostic,0.3290472626686096,0.05883129686117172,0.2028992772102356,0.25227537751197815,0.03973919525742531,0.038763951510190964,0.0045664506033062935,0.007463754154741764,2,0,0.0,0.004547119140625,1,3,50331648,1549.8472089767456,0.541015625
0.60546875,-0.3316020667552948,-0.3357407748699188,-0.09685292840003967,-0.393140584230423,0.00750732421875,1,gradient_diagnostic,0.04134761542081833,0.04127673804759979,0.002399457385763526,0.00031437756842933595,0.0719618871808052,0.07102775573730469,0.004399190656840801,0.010687284171581268,2,25165824,0.5,0.003875732421875,1,3,75497472,2328.2391283512115,-0.013671875
0.6015625,-0.5824267864227295,-0.7379202842712402,0.21818827092647552,0.9547038078308105,0.008148193359375,1,gradient_diagnostic,0.0478806272149086,0.04777950420975685,0.0018960610032081604,0.0024654357694089413,0.08516912162303925,0.07059147208929062,0.010304676368832588,0.04652351140975952,2,50331648,1.0,0.004119873046875,1,3,100663296,442.18443036079407,-0.009765625
0.9140625,0.2327968031167984,-0.37892159819602966,0.4392675757408142,0.994020938873291,0.013458251953125,1,gradient_diagnostic,0.03567592427134514,0.013748463243246078,0.004444845020771027,0.0326189287006855,0.057580675929784775,0.05262451991438866,0.004501222167164087,0.0229332372546196,3,0,0.0,0.0059814453125,2,3,100663296,460.33583402633667,-0.1328125
1.0,0.21456363797187805,0.19827203452587128,-0.08712872117757797,0.9810241460800171,0.016265869140625,1,gradient_diagnostic,0.03698589652776718,0.03679021820425987,0.001269423752091825,0.003581185359507799,0.035794131457805634,0.03448944166302681,0.0022268639877438545,0.009313405491411686,3,25165824,0.5,0.005096435546875,2,3,125829120,1208.7833297252655,-0.21875
1.0,0.4379246234893799,0.4321123957633972,0.10700928419828415,0.9655115604400635,0.01788330078125,1,gradient_diagnostic,0.060012008994817734,0.05963525176048279,0.0016450753901153803,0.006509361322969198,0.05798567831516266,0.05765141546726227,0.0014292252017185092,0.006050675641745329,3,50331648,1.0,0.0062255859375,2,3,150994944,1967.5546803474426,-0.21875
0.0,0.2214350551366806,0.3451821208000183,0.10048239678144455,0.9126165509223938,0.0,1,gradient_diagnostic,0.12058205157518387,0.04078594222664833,0.058991365134716034,0.09693583101034164,0.03743841126561165,0.03701996058225632,0.0017846779664978385,0.005288849119096994,4,0,0.0,0.007568359375,3,3,150994944,1994.3556461334229,0.0
0.0,0.11646801978349686,0.611105740070343,0.05292171612381935,-0.19304275512695312,0.0,1,gradient_diagnostic,0.07504477351903915,0.07493289560079575,0.0027671202551573515,0.0030203056521713734,0.03154028579592705,0.006330942269414663,0.013485723175108433,0.027800073847174644,4,25165824,0.5,0.00860595703125,3,3,176160768,56.585134983062744,0.0
0.0,-0.06270478665828705,-0.32838696241378784,-0.02231503278017044,0.17903421819210052,0.0,1,gradient_diagnostic,0.05079979822039604,0.050613466650247574,0.0043349191546440125,0.0003233099414501339,0.066092848777771,0.012597429566085339,0.04166889563202858,0.049732014536857605,4,50331648,1.0,0.008026123046875,3,3,201326592,824.4854702949524,0.0
0.0,0.5751100182533264,0.45757395029067993,0.5108197331428528,0.9380861520767212,0.0,1,gradient_diagnostic,0.17188073694705963,0.12491001188755035,0.09470513463020325,0.07050827145576477,0.09930678457021713,0.06750781089067459,0.03947269544005394,0.061208177357912064,2,0,0.0,0.0,1,4,50331648,1367.489268064499,0.5537109375
0.623046875,-0.16024143993854523,-0.3087230622768402,0.03850061818957329,-0.13026387989521027,0.00726318359375,1,gradient_diagnostic,0.04961036890745163,0.038333382457494736,0.031032808125019073,0.00535774789750576,0.17644596099853516,0.11972413957118988,0.07402045279741287,0.10639679431915283,2,25165824,0.5,0.003082275390625,1,4,75497472,2083.7502522468567,-0.0693359375
0.642578125,0.24341025948524475,0.2339005023241043,0.3989798426628113,-0.5929178595542908,0.00762939453125,1,gradient_diagnostic,0.06950882822275162,0.05228174477815628,0.044728681445121765,0.009871222078800201,0.09235329180955887,0.07055430114269257,0.049896515905857086,0.03258156776428223,2,50331648,1.0,0.00323486328125,1,4,100663296,120.85198497772217,-0.0888671875
1.0,0.1788766086101532,0.2998715937137604,0.11348734050989151,-0.08817742764949799,0.014556884765625,1,gradient_diagnostic,0.3441416621208191,0.2579095661640167,0.21349968016147614,0.07958665490150452,0.08181562274694443,0.04621373489499092,0.0653090626001358,0.017111793160438538,3,0,0.0,0.0062255859375,2,4,100663296,128.6766333580017,-0.2138671875
0.919921875,0.08008839935064316,0.060814838856458664,0.14048825204372406,0.47599658370018005,0.014801025390625,1,gradient_diagnostic,0.10691359639167786,0.09907304495573044,0.03954929858446121,0.007134726736694574,0.0930972620844841,0.07853217422962189,0.039869993925094604,0.03016922064125538,3,25165824,0.5,0.0059814453125,2,4,125829120,791.9020347595215,-0.1337890625
1.0,0.21246561408042908,0.2844611704349518,0.00436733802780509,0.7119227647781372,0.01495361328125,1,gradient_diagnostic,0.1895342618227005,0.18733000755310059,0.02743888832628727,0.008820908144116402,0.09270141273736954,0.06526422500610352,0.05256196856498718,0.03964053466916084,3,50331648,1.0,0.004913330078125,2,4,150994944,1458.9802284240723,-0.2138671875
0.998046875,-0.13837748765945435,-0.1812884509563446,0.011238796636462212,-0.13298632204532623,0.01409912109375,1,gradient_diagnostic,0.1421634405851364,0.11337196081876755,0.038848236203193665,0.07647261023521423,0.09162195026874542,0.07679471373558044,0.04387794807553291,0.02391396276652813,4,0,0.0,0.007049560546875,3,4,150994944,1473.2225897312164,-0.2158203125
1.0,0.12623783946037292,0.28234750032424927,0.03454146906733513,-0.25676029920578003,0.013702392578125,1,gradient_diagnostic,0.11160073429346085,0.10062865912914276,0.04753660783171654,0.008298754692077637,0.07385562360286713,0.038176294416189194,0.03833584487438202,0.050275109708309174,4,25165824,0.5,0.007843017578125,3,4,176160768,2153.339777469635,-0.2177734375
1.0,0.17035135626792908,0.27084898948669434,0.3019256293773651,0.08627385646104813,0.017333984375,1,gradient_diagnostic,0.03035162016749382,0.028157487511634827,0.009982875548303127,0.005359007511287928,0.06587961316108704,0.03167380765080452,0.024870947003364563,0.052137602120637894,4,50331648,1.0,0.006988525390625,3,4,201326592,263.70550298690796,-0.2177734375
0.310546875,0.6535056829452515,0.6693649888038635,0.6493180394172668,0.6116893887519836,0.0023193359375,4,gradient_diagnostic,0.10316254198551178,0.08857035636901855,0.05261150002479553,0.005461781285703182,0.08770494163036346,0.08223854750394821,0.029688270762562752,0.006898166611790657,2,0,0.0,0.011871337890625,1,0,50331648,6.391007423400879,-0.01953125
0.287109375,0.09101283550262451,-0.03391842171549797,0.32063913345336914,0.27958032488822937,0.0028076171875,4,gradient_diagnostic,0.05573685094714165,0.04827669635415077,0.02735019475221634,0.005284303333610296,0.05470947548747063,0.037263158708810806,0.0354684554040432,0.018616462126374245,2,25165824,0.5,0.009857177734375,1,0,75497472,691.4231722354889,0.00390625
0.384765625,0.019103748723864555,-0.025895655155181885,0.04957365617156029,0.4593951106071472,0.002655029296875,4,gradient_diagnostic,0.05378163233399391,0.043039336800575256,0.0321185439825058,0.002911831485107541,0.06397129595279694,0.03759698197245598,0.03937177732586861,0.0335954912006855,2,50331648,1.0,0.013427734375,1,0,100663296,1390.551649570465,-0.09375
0.595703125,0.19119824469089508,0.4425446689128876,-0.06471462547779083,0.8609719276428223,0.006439208984375,4,gradient_diagnostic,0.12087826430797577,0.04329139366745949,0.10290687531232834,0.046342045068740845,0.039741192013025284,0.028500394895672798,0.024248672649264336,0.01338251680135727,3,0,0.0,0.0050048828125,2,0,100663296,1397.602066040039,-0.0703125
0.58203125,0.11898654699325562,-0.10860107839107513,0.3159666955471039,0.6196830868721008,0.005706787109375,4,gradient_diagnostic,0.06277447193861008,0.04448780044913292,0.042247526347637177,0.01328969281166792,0.10969661921262741,0.07330416142940521,0.08078639209270477,0.011550153605639935,3,25165824,0.5,0.0047607421875,2,0,125829120,2086.5869057178497,-0.056640625
0.591796875,0.0806184858083725,0.07604333013296127,0.10112983733415604,0.7939390540122986,0.006256103515625,4,gradient_diagnostic,0.05619192123413086,0.04605702683329582,0.03006882406771183,0.011495586484670639,0.2034084051847458,0.050127409398555756,0.19646255671977997,0.016269121319055557,3,50331648,1.0,0.00433349609375,2,0,150994944,146.42462253570557,-0.06640625
0.482421875,0.06690190732479095,0.34002235531806946,-0.17275448143482208,0.42591482400894165,0.004547119140625,4,gradient_diagnostic,0.11049053817987442,0.07719800621271133,0.07300961762666702,0.03030218742787838,0.06663773208856583,0.03658967465162277,0.053373079746961594,0.01590905711054802,4,0,0.0,0.005157470703125,3,0,150994944,154.44414234161377,-0.0810546875
0.505859375,-0.046597253531217575,-0.1768726110458374,-0.13556820154190063,0.8150384426116943,0.0035400390625,4,gradient_diagnostic,0.0662192776799202,0.051707491278648376,0.03843669593334198,0.015295365825295448,0.08529447019100189,0.051413584500551224,0.055271558463573456,0.039709508419036865,4,25165824,0.5,0.00579833984375,3,0,176160768,832.8769974708557,-0.1044921875
0.46875,0.1694795787334442,0.19479624927043915,0.1800425946712494,0.26653358340263367,0.004638671875,4,gradient_diagnostic,0.04543669894337654,0.040155861526727676,0.021194368600845337,0.0016729976050555706,0.07909231632947922,0.047605548053979874,0.05957133322954178,0.020989565178751945,4,50331648,1.0,0.006622314453125,3,0,201326592,1507.405532360077,-0.0673828125
0.357421875,0.004035358317196369,0.08439289033412933,-0.12496509402990341,0.2024972289800644,0.002197265625,4,gradient_diagnostic,0.1922009140253067,0.1385950893163681,0.13121828436851501,0.022679420188069344,0.10444634407758713,0.08635589480400085,0.058414969593286514,0.006276150234043598,2,0,0.0,0.01031494140625,1,1,50331648,2235.499805688858,-0.0791015625
0.345703125,0.4156342148780823,0.4999377727508545,0.2782052457332611,0.5158869624137878,0.002288818359375,4,gradient_diagnostic,0.08511724323034286,0.07958720624446869,0.02987770549952984,0.004259711131453514,0.10931814461946487,0.08157680183649063,0.06777431815862656,0.026501400396227837,2,25165824,0.5,0.010986328125,1,1,75497472,479.5169174671173,-0.0673828125
0.38671875,0.023962974548339844,0.03952418640255928,-0.15639109909534454,0.2881639897823334,0.002532958984375,4,gradient_diagnostic,0.14163696765899658,0.13892270624637604,0.02307060919702053,0.015141147188842297,0.07792561501264572,0.04124761000275612,0.04640946164727211,0.04708712920546532,2,50331648,1.0,0.01171875,1,1,100663296,1266.669088602066,-0.1083984375
0.58984375,0.4667116105556488,0.7053845524787903,-0.07832132279872894,-0.2953389286994934,0.0067138671875,4,gradient_diagnostic,0.08279048651456833,0.06723175197839737,0.041880443692207336,0.024087024852633476,0.08063171058893204,0.07103494554758072,0.03193606808781624,0.020870963111519814,3,0,0.0,0.00439453125,2,1,100663296,1299.6534976959229,-0.05078125
0.5625,0.02693196013569832,-0.2057780921459198,0.12477987259626389,-0.049433428794145584,0.006378173828125,4,gradient_diagnostic,0.07799632102251053,0.0686744675040245,0.036417800933122635,0.006402147468179464,0.5970221757888794,0.09969449043273926,0.5879680514335632,0.02810775674879551,3,25165824,0.5,0.0042724609375,2,1,125829120,2070.662605524063,-0.0234375
0.615234375,-0.07005352526903152,-0.03181741014122963,-0.11075116693973541,0.03976796194911003,0.00543212890625,4,gradient_diagnostic,0.06170951947569847,0.04848647117614746,0.03781386464834213,0.005219066049903631,0.3553237318992615,0.08487570285797119,0.33876195549964905,0.06550875306129456,3,50331648,1.0,0.004974365234375,2,1,150994944,334.803603887558,-0.076171875
0.46875,0.25229254364967346,0.4570322334766388,0.10838055610656738,0.8618707060813904,0.003143310546875,4,gradient_diagnostic,0.18130311369895935,0.08769986778497696,0.14243921637535095,0.06993301212787628,0.16462838649749756,0.0878492072224617,0.13555018603801727,0.0317988321185112,4,0,0.0,0.005279541015625,3,1,150994944,358.4425036907196,-0.0947265625
0.50390625,-0.06640063971281052,-0.10634536296129227,-0.0318063423037529,0.43067118525505066,0.00347900390625,4,gradient_diagnostic,0.06755243241786957,0.05671935901045799,0.03625587373971939,0.005635361652821302,0.07777513563632965,0.05051121115684509,0.058368049561977386,0.009526846930384636,4,25165824,0.5,0.006988525390625,3,1,176160768,1170.0932023525238,-0.1298828125
0.462890625,-0.14533419907093048,-0.24950625002384186,-0.044102974236011505,0.28230932354927063,0.0040283203125,4,gradient_diagnostic,0.07100734859704971,0.06172455474734306,0.03489578887820244,0.0037955830339342356,0.08089255541563034,0.048916615545749664,0.0628337413072586,0.01423694659024477,4,50331648,1.0,0.005950927734375,3,1,201326592,1940.3042039871216,-0.0888671875
0.330078125,-0.0944686010479927,-0.18357756733894348,0.10387526452541351,0.7014493346214294,0.002655029296875,4,gradient_diagnostic,0.10250892490148544,0.08729514479637146,0.04290994629263878,0.03234772011637688,0.0439111664891243,0.04127052426338196,0.012746312655508518,0.007903549820184708,2,0,0.0,0.011749267578125,1,2,50331648,1366.5113818645477,-0.0458984375
0.3359375,-0.17416760325431824,-0.17084965109825134,-0.20550692081451416,-0.748230516910553,0.002655029296875,4,gradient_diagnostic,0.06652642041444778,0.06393091380596161,0.01692662388086319,0.007217463105916977,0.09645304828882217,0.06419158726930618,0.06142180413007736,0.03754986822605133,2,25165824,0.5,0.010498046875,1,2,75497472,2047.808518409729,-0.0517578125
0.333984375,0.517900824546814,0.6116836071014404,0.5596883893013,0.7696144580841064,0.002655029296875,4,gradient_diagnostic,0.10999847948551178,0.09879089146852493,0.04788842052221298,0.006835487205535173,0.16338323056697845,0.09443561732769012,0.12554441392421722,0.044884175062179565,2,50331648,1.0,0.012481689453125,1,2,100663296,97.01673674583435,-0.0498046875
0.5859375,0.6317108869552612,0.35250645875930786,0.8355154395103455,0.9049123525619507,0.0068359375,4,gradient_diagnostic,0.19454388320446014,0.12055891752243042,0.15071633458137512,0.024442855268716812,0.15066953003406525,0.10193328559398651,0.10901405662298203,0.02066037431359291,3,0,0.0,0.00634765625,2,2,100663296,105.62339568138123,-0.0556640625
0.59375,0.23284995555877686,0.335798442363739,0.018298830837011337,0.6548586487770081,0.0072021484375,4,gradient_diagnostic,0.05942777544260025,0.04909868538379669,0.033057037740945816,0.005311458837240934,0.08720938116312027,0.06505977362394333,0.04978477954864502,0.02990281768143177,3,25165824,0.5,0.004608154296875,2,2,125829120,782.3696703910828,-0.0634765625
0.560546875,0.17131534218788147,0.17846128344535828,0.15898390114307404,0.4992006719112396,0.006378173828125,4,gradient_diagnostic,0.06642179191112518,0.05579596385359764,0.03566218912601471,0.005183908622711897,0.11542075872421265,0.08114694803953171,0.07905099540948868,0.022092176601290703,3,50331648,1.0,0.0064697265625,2,2,150994944,1462.2978825569153,-0.0302734375
0.4765625,0.18167436122894287,0.14420285820960999,0.20150446891784668,0.5087658166885376,0.003662109375,4,gradient_diagnostic,0.15550264716148376,0.10325123369693756,0.1145857572555542,0.01975763589143753,0.07166150957345963,0.050190966576337814,0.04914937540888786,0.014162549749016762,4,0,0.0,0.0062255859375,3,2,150994944,1472.461899280548,-0.09375
0.48046875,-0.0007920938660390675,-0.08114476501941681,0.203505277633667,-0.2744109034538269,0.003509521484375,4,gradient_diagnostic,0.09322185069322586,0.08694235980510712,0.03339258208870888,0.0040343813598155975,0.06637230515480042,0.04296000301837921,0.046949755400419235,0.018853140994906425,4,25165824,0.5,0.005401611328125,3,2,176160768,2150.1760494709015,-0.09765625
0.46484375,0.2555161714553833,0.29509633779525757,0.17257417738437653,-0.004908685572445393,0.0045166015625,4,gradient_diagnostic,0.04625149071216583,0.04101094603538513,0.021304083988070488,0.001854405039921403,0.08787879347801208,0.07127917557954788,0.04789514094591141,0.01865518093109131,4,50331648,1.0,0.005859375,3,2,201326592,279.16084456443787,-0.08203125
0.333984375,0.24861149489879608,0.30985546112060547,0.25989577174186707,0.6043035387992859,0.003265380859375,4,gradient_diagnostic,0.08927972614765167,0.04569553583860397,0.061884406954050064,0.04531122371554375,0.07146110385656357,0.06398708373308182,0.031135547906160355,0.006551300175487995,2,0,0.0,0.011627197265625,1,3,50331648,1375.3415031433105,-0.0146484375
0.365234375,0.27196064591407776,0.262172132730484,-0.11083207279443741,0.8720760941505432,0.002471923828125,4,gradient_diagnostic,0.04821823537349701,0.042230769991874695,0.018774602562189102,0.013750452548265457,0.060417868196964264,0.04904256388545036,0.024807320907711983,0.025094667449593544,2,25165824,0.5,0.01068115234375,1,3,75497472,2060.117703437805,-0.0458984375
0.28515625,0.2883225679397583,0.24502386152744293,0.39295345544815063,0.31168973445892334,0.002044677734375,4,gradient_diagnostic,0.09542829543352127,0.07839667052030563,0.05425281822681427,0.004141570534557104,0.09019473195075989,0.05920936167240143,0.061263371258974075,0.029599664732813835,2,50331648,1.0,0.011016845703125,1,3,100663296,123.0468680858612,0.0341796875
0.5625,0.21688169240951538,0.40323972702026367,0.060759592801332474,0.1164081022143364,0.00567626953125,4,gradient_diagnostic,0.11955126374959946,0.07092171907424927,0.09366919845342636,0.022106466814875603,0.08748121559619904,0.06736782193183899,0.054404325783252716,0.012438197620213032,3,0,0.0,0.006134033203125,2,3,100663296,130.7009563446045,-0.0126953125
0.5625,-0.0948653519153595,-0.07487744837999344,-0.19413496553897858,-0.34585079550743103,0.006927490234375,4,gradient_diagnostic,0.03509537875652313,0.02838914655148983,0.020568447187542915,0.0016374069964513183,0.08076462894678116,0.07622214406728745,0.02577045001089573,0.006999574601650238,3,25165824,0.5,0.006317138671875,2,3,125829120,802.3398168087006,-0.0126953125
0.5703125,0.1434888392686844,0.10812640935182571,0.14047005772590637,0.8523648381233215,0.007293701171875,4,gradient_diagnostic,0.056847184896469116,0.05158669874072075,0.020020294934511185,0.013023174367845058,0.06859160214662552,0.055953964591026306,0.03756159916520119,0.012770581059157848,3,50331648,1.0,0.005157470703125,2,3,150994944,1464.7284984588623,-0.0205078125
0.50390625,0.14558662474155426,0.036528173834085464,0.3193623125553131,0.5271307229995728,0.00408935546875,4,gradient_diagnostic,0.059879109263420105,0.044816430658102036,0.03665182366967201,0.015285254456102848,0.07142186164855957,0.05988170579075813,0.0374089740216732,0.010762510821223259,4,0,0.0,0.005706787109375,3,3,150994944,1471.963989019394,-0.1376953125
0.505859375,-0.35460609197616577,-0.4561198055744171,-0.03890697658061981,-0.4497777223587036,0.0042724609375,4,gradient_diagnostic,0.056309644132852554,0.05307425186038017,0.018721822649240494,0.001842023222707212,0.07497888058423996,0.060026783496141434,0.041856613010168076,0.016329169273376465,4,25165824,0.5,0.006622314453125,3,3,176160768,2133.1538784503937,-0.1396484375
0.49609375,0.30764198303222656,0.3940810263156891,-0.13913656771183014,0.4086269438266754,0.00408935546875,4,gradient_diagnostic,0.05946435406804085,0.05806997790932655,0.012517835013568401,0.0026816041208803654,0.0820796862244606,0.06869950145483017,0.044476479291915894,0.006268669385462999,4,50331648,1.0,0.0052490234375,3,3,201326592,121.2693099975586,-0.1298828125
0.3359375,-0.1441681981086731,-0.3745093047618866,0.3364766538143158,0.6177520155906677,0.00225830078125,4,gradient_diagnostic,0.13541579246520996,0.1128484457731247,0.07429619133472443,0.009096126072108746,0.02423655055463314,0.01965896040201187,0.013079551979899406,0.005464519839733839,2,0,0.0,0.00982666015625,1,4,50331648,1365.5313906669617,-0.0634765625
0.357421875,0.45727935433387756,0.681763231754303,0.027068857103586197,-0.8019143342971802,0.002044677734375,4,gradient_diagnostic,0.06339289993047714,0.059714894741773605,0.018228374421596527,0.01097805891185999,0.09697292000055313,0.0791492611169815,0.028393667191267014,0.04830053821206093,2,25165824,0.5,0.0098876953125,1,4,75497472,2048.98210644722,-0.0849609375
0.33984375,0.34677058458328247,0.4053519368171692,0.18551746010780334,0.9348217248916626,0.002471923828125,4,gradient_diagnostic,0.11248185485601425,0.10317742079496384,0.04247758165001869,0.014221233315765858,0.10311859101057053,0.07649176567792892,0.0651053711771965,0.023318348452448845,2,50331648,1.0,0.0087890625,1,4,100663296,92.02239036560059,-0.0673828125
0.57421875,0.41666126251220703,0.5738062858581543,0.030870189890265465,0.7394307255744934,0.0069580078125,4,gradient_diagnostic,0.1049671396613121,0.07957322895526886,0.06364428997039795,0.025211218744516373,0.08426831662654877,0.07209242880344391,0.04023323953151703,0.016885435208678246,3,0,0.0,0.00567626953125,2,4,100663296,104.83408665657043,-0.0224609375
0.56640625,0.183513805270195,0.1991472840309143,0.09350200742483139,0.9566178917884827,0.005828857421875,4,gradient_diagnostic,0.09378161281347275,0.07425546646118164,0.05524354428052902,0.015141555108129978,0.10158742964267731,0.09250077605247498,0.04027266055345535,0.01190484594553709,3,25165824,0.5,0.005828857421875,2,4,125829120,792.5944039821625,-0.0146484375
0.58203125,-0.010602532885968685,-0.0372854545712471,0.04746922478079796,-0.7284751534461975,0.006072998046875,4,gradient_diagnostic,0.07454583793878555,0.0626479983329773,0.039896462112665176,0.006370408460497856,0.11505654454231262,0.07179852575063705,0.08781116455793381,0.019291996955871582,3,50331648,1.0,0.006378173828125,2,4,150994944,1477.1624944210052,-0.0302734375
0.470703125,0.38416650891304016,0.3420947194099426,0.40730032324790955,0.759946346282959,0.003997802734375,4,gradient_diagnostic,0.11908581107854843,0.07981782406568527,0.08538223057985306,0.022812722250819206,0.07276307791471481,0.049676563590765,0.052484624087810516,0.008489317260682583,4,0,0.0,0.00628662109375,3,4,150994944,1487.5198059082031,-0.083984375
0.462890625,0.11661862581968307,0.0888831615447998,0.1579369157552719,0.1307651549577713,0.00311279296875,4,gradient_diagnostic,0.08246441185474396,0.06312606483697891,0.05287047475576401,0.004493572283536196,0.11197022348642349,0.0862976536154747,0.06999769061803818,0.013797460123896599,4,25165824,0.5,0.005828857421875,3,4,176160768,2177.451054096222,-0.076171875
0.501953125,-0.06322788447141647,0.03528759256005287,-0.11192728579044342,-0.5939036011695862,0.003387451171875,4,gradient_diagnostic,0.06135951727628708,0.03790273144841194,0.04797191545367241,0.005202787928283215,0.09453584998846054,0.059933193027973175,0.06843908876180649,0.025712426751852036,4,50331648,1.0,0.00482177734375,3,4,201326592,200.88323068618774,-0.115234375
0.54296875,0.7022398710250854,0.6642754077911377,0.8081541657447815,0.9316922426223755,0.00543212890625,16,gradient_diagnostic,0.06889414042234421,0.05672692507505417,0.03895893692970276,0.0032648274209350348,0.05298379063606262,0.046082764863967896,0.02607494592666626,0.0019385949708521366,2,0,0.0,0.003692626953125,1,0,50331648,10.113641023635864,-0.033203125
0.55859375,0.6569029092788696,0.663964569568634,0.4324013292789459,0.7099537253379822,0.0068359375,16,gradient_diagnostic,0.04476887360215187,0.04432589188218117,0.005613737739622593,0.0028201958630234003,0.057817596942186356,0.0567830353975296,0.010785349644720554,0.0014957394450902939,2,25165824,0.5,0.003448486328125,1,0,75497472,694.0354335308075,-0.048828125
0.552734375,0.30913856625556946,0.3114560544490814,-0.3025437295436859,0.9914484620094299,0.005706787109375,16,gradient_diagnostic,0.054589103907346725,0.054165177047252655,0.006045718677341938,0.003090722719207406,0.027602503076195717,0.02718420699238777,0.002691269386559725,0.003959062974900007,2,50331648,1.0,0.00408935546875,1,0,100663296,1376.7838690280914,-0.04296875
0.546875,0.5000091195106506,0.5218189358711243,-0.727654755115509,0.4719146490097046,0.0059814453125,16,gradient_diagnostic,0.035869091749191284,0.03539889305830002,0.005711880512535572,0.0009403887088410556,0.06563829630613327,0.06519138813018799,0.006855177227407694,0.003387607168406248,3,0,0.0,0.0045166015625,2,0,100663296,1388.2977108955383,-0.0654296875
0.53125,0.9053837060928345,0.9194658994674683,-0.7132623791694641,0.9986078143119812,0.0052490234375,16,gradient_diagnostic,0.049174197018146515,0.04842688515782356,0.005099944770336151,0.006850481033325195,0.12158174812793732,0.12109356373548508,0.008027294650673866,0.007350726053118706,3,25165824,0.5,0.00396728515625,2,0,125829120,2084.5483951568604,-0.0498046875
0.544921875,-0.22315198183059692,-0.2936095595359802,0.6079230308532715,0.9996119737625122,0.005340576171875,16,gradient_diagnostic,0.02742074988782406,0.025589430704712868,0.004983064718544483,0.00849985796958208,0.07747852802276611,0.0765201598405838,0.00823622290045023,0.008930468000471592,3,50331648,1.0,0.003875732421875,2,0,150994944,124.87412214279175,-0.0634765625
0.373046875,-0.0627787709236145,-0.12526676058769226,0.4112296402454376,0.9986349940299988,0.002838134765625,16,gradient_diagnostic,0.035523366183042526,0.03445065766572952,0.0030335932970046997,0.008115369826555252,0.04161927103996277,0.039521776139736176,0.010299374349415302,0.008007224649190903,4,0,0.0,0.004608154296875,3,0,150994944,136.90584588050842,-0.0517578125
0.470703125,-0.026324842125177383,-0.0601181723177433,0.5357576608657837,0.9995133876800537,0.003021240234375,16,gradient_diagnostic,0.06517758965492249,0.06473428755998611,0.0012569732498377562,0.007483986206352711,0.028190098702907562,0.02713811956346035,0.0010142704704776406,0.007561444770544767,4,25165824,0.5,0.0052490234375,3,0,176160768,806.7396569252014,-0.1494140625
0.3046875,0.14408504962921143,0.10197713226079941,0.4706370234489441,0.9941226840019226,0.00341796875,16,gradient_diagnostic,0.06279382109642029,0.06220383197069168,0.0016074086306616664,0.008435845375061035,0.024360742419958115,0.022559039294719696,0.0013170137535780668,0.009099503979086876,4,50331648,1.0,0.0050048828125,3,0,201326592,1474.9760279655457,0.0166015625
0.53515625,0.3729264736175537,0.3863135576248169,0.2384859025478363,0.9660243988037109,0.00482177734375,16,gradient_diagnostic,0.05118543654680252,0.045074932277202606,0.021384062245488167,0.011442086659371853,0.08317331224679947,0.08018319308757782,0.02068966068327427,0.00777123449370265,2,0,0.0,0.00341796875,1,1,50331648,1389.1870331764221,-0.021484375
0.546875,-0.38056743144989014,-0.4111786484718323,-0.12090636044740677,0.9958398938179016,0.0069580078125,16,gradient_diagnostic,0.037526778876781464,0.035947564989328384,0.00988527201116085,0.004279406275600195,0.04751993715763092,0.046964652836322784,0.005154917947947979,0.005088481120765209,2,25165824,0.5,0.003173828125,1,1,75497472,2067.401178598404,-0.033203125
0.599609375,-0.16157372295856476,-0.1753266453742981,0.2178870290517807,0.7040578722953796,0.00604248046875,16,gradient_diagnostic,0.033501118421554565,0.03304547071456909,0.005159344058483839,0.001924289739690721,0.040941935032606125,0.04007158800959587,0.008353265933692455,0.0008560757851228118,2,50331648,1.0,0.00347900390625,1,1,100663296,111.66131639480591,-0.0859375
0.5390625,-0.17176873981952667,-0.17413151264190674,-0.25996050238609314,0.9910567998886108,0.005828857421875,16,gradient_diagnostic,0.027490753680467606,0.026643851771950722,0.006562182679772377,0.0016686540329828858,0.03329984471201897,0.03308464214205742,0.0035230990033596754,0.001368911238387227,3,0,0.0,0.003662109375,2,1,100663296,119.50044846534729,-0.0546875
0.505859375,-0.3748956620693207,-0.4851813018321991,0.7840381860733032,0.9162700176239014,0.004608154296875,16,gradient_diagnostic,0.10149571299552917,0.09588415920734406,0.03289713338017464,0.005038630682975054,0.09783817827701569,0.09441874176263809,0.024799220263957977,0.006512094754725695,3,25165824,0.5,0.005462646484375,2,1,125829120,804.5025858879089,-0.021484375
0.53515625,-0.8304071426391602,-0.854028582572937,-0.0623500756919384,0.9500226378440857,0.0045166015625,16,gradient_diagnostic,0.04956567659974098,0.04882459715008736,0.007945703342556953,0.0031273989006876945,0.048761218786239624,0.04822004586458206,0.00684445071965456,0.0023743314668536186,3,50331648,1.0,0.004547119140625,2,1,150994944,1493.4617583751678,-0.05078125
0.369140625,-0.20458650588989258,-0.20722192525863647,-0.082480788230896,-0.21619439125061035,0.003143310546875,16,gradient_diagnostic,0.07816631346940994,0.07770804315805435,0.008266374468803406,0.0017599029233679175,0.057271867990493774,0.05639810115098953,0.00927598588168621,0.0036437709350138903,4,0,0.0,0.00457763671875,3,1,150994944,1502.0667057037354,-0.0546875
0.42578125,0.08455751091241837,0.0810617059469223,-0.31747907400131226,0.8183490633964539,0.002899169921875,16,gradient_diagnostic,0.029314622282981873,0.029009085148572922,0.0031742339488118887,0.002782843541353941,0.03877639397978783,0.0384824313223362,0.002923248801380396,0.003763738786801696,4,25165824,0.5,0.005096435546875,3,1,176160768,2183.604481935501,-0.111328125
0.421875,0.12360680848360062,0.1191825270652771,0.17624670267105103,0.9850724935531616,0.003143310546875,16,gradient_diagnostic,0.062267448753118515,0.06202035769820213,0.004753504879772663,0.0028487208765000105,0.041717998683452606,0.04105273634195328,0.00587638420984149,0.004531259182840586,4,50331648,1.0,0.004547119140625,3,1,201326592,190.53283405303955,-0.107421875
0.0,-0.18034406006336212,-0.2730732262134552,0.07780168950557709,0.3913724720478058,0.0,16,gradient_diagnostic,0.06852253526449203,0.057048648595809937,0.03764837235212326,0.004836265929043293,0.0823855772614479,0.07305040955543518,0.03777594864368439,0.004898871295154095,2,0,0.0,0.0,1,2,50331648,1365.0075929164886,0.0
0.0,0.06179427355527878,0.08345239609479904,0.04169272631406784,-0.9527963995933533,0.0,16,gradient_diagnostic,0.08173136413097382,0.07143547385931015,0.03940126672387123,0.004952733404934406,0.07428897172212601,0.06677791476249695,0.028928928077220917,0.014922394417226315,2,25165824,0.5,0.0,1,2,75497472,2031.5027849674225,0.0
0.0,0.08952320367097855,0.0872402936220169,0.19920417666435242,-0.8629205822944641,0.0,16,gradient_diagnostic,0.08054155856370926,0.07842651009559631,0.018150560557842255,0.0026042431127279997,0.03852396830916405,0.03515911102294922,0.014337732456624508,0.006508645601570606,2,50331648,1.0,0.0,1,2,100663296,15.093440294265747,0.0
0.0,-0.4815498888492584,-0.5805302262306213,-0.34998878836631775,0.3698958456516266,0.0,16,gradient_diagnostic,0.07134609669446945,0.052352167665958405,0.04835047200322151,0.0034274975769221783,0.045435089617967606,0.04247865453362465,0.016060205176472664,0.0014076598454266787,3,0,0.0,0.0,2,2,100663296,26.39726448059082,0.0
0.0,-0.01304531842470169,0.15182195603847504,-0.6021774411201477,0.9400489926338196,0.0,16,gradient_diagnostic,0.04498305544257164,0.037935443222522736,0.024049891158938408,0.0024454521480947733,0.04733870178461075,0.04290865361690521,0.019605666399002075,0.0039265151135623455,3,25165824,0.5,0.0,2,2,125829120,701.7398626804352,0.0
0.0,0.4564920663833618,0.4935484826564789,-0.10020897537469864,0.3486897945404053,0.0,16,gradient_diagnostic,0.0687752440571785,0.06764298677444458,0.011880079284310341,0.0036502028815448284,0.07668372988700867,0.07286669313907623,0.02376435697078705,0.0024689254350960255,3,50331648,1.0,0.0,2,2,150994944,1360.7752048969269,0.0
0.0,-0.12918487191200256,-0.18632248044013977,0.10430101305246353,0.6781083941459656,0.0,16,gradient_diagnostic,0.060635145753622055,0.05647515133023262,0.02198113314807415,0.002001984976232052,0.0467708483338356,0.04030298441648483,0.02357642352581024,0.002708151238039136,4,0,0.0,0.0,3,2,150994944,1374.8497295379639,0.0
0.0,0.5998373031616211,0.6108297109603882,0.22828558087348938,0.9528563022613525,0.0,16,gradient_diagnostic,0.09578907489776611,0.09502933919429779,0.009540899656713009,0.007344657555222511,0.06576985120773315,0.06312306225299835,0.01398362684994936,0.012066924944519997,4,25165824,0.5,0.0,3,2,176160768,2026.7583804130554,0.0
0.0,0.10432980954647064,0.14324961602687836,-0.4561980664730072,0.9266026616096497,0.0,16,gradient_diagnostic,0.05167011916637421,0.04964515566825867,0.013607525266706944,0.004471564199775457,0.076600581407547,0.07335548847913742,0.021313736215233803,0.005687284749001265,4,50331648,1.0,0.0,3,2,201326592,21.210907220840454,0.0
0.5625,0.29234421253204346,0.308435320854187,-0.05074946582317352,0.992146909236908,0.005767822265625,16,gradient_diagnostic,0.040432874113321304,0.03870660439133644,0.00950402021408081,0.006803655531257391,0.050020523369312286,0.04783237725496292,0.014075355604290962,0.004000054206699133,2,0,0.0,0.00347900390625,1,3,50331648,1524.307289838791,-0.0341796875
0.587890625,0.9572754502296448,0.9481081962585449,0.9873805046081543,0.9985104203224182,0.004241943359375,16,gradient_diagnostic,0.43759533762931824,0.3715136647224426,0.20185521245002747,0.11279061436653137,0.31826579570770264,0.27264508605003357,0.15200205147266388,0.06207392364740372,2,25165824,0.5,0.00311279296875,1,3,75497472,2268.837988615036,-0.0595703125
0.560546875,-0.05786942318081856,-0.3127094507217407,0.5479868054389954,-0.18620795011520386,0.005584716796875,16,gradient_diagnostic,0.12039269506931305,0.09901805967092514,0.0680239349603653,0.007909979671239853,0.08243914693593979,0.07014862447977066,0.0430479422211647,0.004717749543488026,2,50331648,1.0,0.003265380859375,1,3,100663296,357.0357737541199,-0.0322265625
0.51953125,0.3489084839820862,0.3198554217815399,0.6425835490226746,0.6106186509132385,0.00408935546875,16,gradient_diagnostic,0.09465013444423676,0.08050714433193207,0.04903513938188553,0.008532535284757614,0.10135556012392044,0.09802499413490295,0.025405287742614746,0.004315221682190895,3,0,0.0,0.004547119140625,2,3,100663296,373.44615840911865,-0.0166015625
0.52734375,0.30055880546569824,0.28324538469314575,0.4809790253639221,0.4979686439037323,0.004913330078125,16,gradient_diagnostic,0.06322266906499863,0.06091596931219101,0.016186971217393875,0.004932801239192486,0.07643471658229828,0.07109106332063675,0.027829868718981743,0.0037182257510721684,3,25165824,0.5,0.003997802734375,2,3,125829120,1138.7957754135132,-0.0244140625
0.51953125,-0.7180699706077576,-0.8149533271789551,-0.16313740611076355,0.05958597734570503,0.0062255859375,16,gradient_diagnostic,0.05292527377605438,0.0495266318321228,0.01782679557800293,0.005513881798833609,0.08178257942199707,0.07461665570735931,0.0334017314016819,0.002251529134809971,3,50331648,1.0,0.0047607421875,2,3,150994944,1922.0332646369934,-0.0166015625
0.376953125,0.17350250482559204,0.21155907213687897,0.206181600689888,0.6917741298675537,0.00299072265625,16,gradient_diagnostic,0.083607517182827,0.05688845366239548,0.06123155727982521,0.002148787258192897,0.1262919306755066,0.12328480184078217,0.02723303809762001,0.002978280186653137,4,0,0.0,0.004364013671875,3,3,150994944,1939.750949382782,-0.0849609375
0.37890625,0.5999187231063843,0.6275429129600525,0.4934183955192566,0.5896605849266052,0.003173828125,16,gradient_diagnostic,0.06615464389324188,0.059749092906713486,0.02803308703005314,0.004541836678981781,0.13269548118114471,0.11677046865224838,0.061845406889915466,0.012161091901361942,4,25165824,0.5,0.00567626953125,3,3,176160768,37.59866452217102,-0.0869140625
0.3515625,0.46731117367744446,0.492457777261734,0.4317966401576996,0.9549110531806946,0.002899169921875,16,gradient_diagnostic,0.09041639417409897,0.0693751648068428,0.057617247104644775,0.006516273599117994,0.09297088533639908,0.06656353920698166,0.06433093547821045,0.008626255206763744,4,50331648,1.0,0.00433349609375,3,3,201326592,809.6824567317963,-0.0595703125
0.58203125,0.05089370161294937,0.19611841440200806,-0.07316672056913376,-0.2420375645160675,0.0050048828125,16,gradient_diagnostic,0.07087449729442596,0.047512371093034744,0.05247548222541809,0.0034774430096149445,0.06755688786506653,0.04658586159348488,0.04878741875290871,0.003671238897368312,2,0,0.0,0.003509521484375,1,4,50331648,1389.3214406967163,-0.078125
0.564453125,-0.39358341693878174,-0.46312233805656433,-0.23025156557559967,0.7710001468658447,0.0064697265625,16,gradient_diagnostic,0.07996796816587448,0.07566565275192261,0.02547541819512844,0.004537414293736219,0.10751139372587204,0.0863141268491745,0.0639372393488884,0.004538694396615028,2,25165824,0.5,0.002471923828125,1,4,75497472,2078.198702096939,-0.060546875
0.5546875,-0.23564137518405914,-0.37446314096450806,0.16732870042324066,-0.39638572931289673,0.005523681640625,16,gradient_diagnostic,0.08116623759269714,0.07726555317640305,0.02384723164141178,0.0070215146988630295,0.054670896381139755,0.03981109336018562,0.035327911376953125,0.012486881576478481,2,50331648,1.0,0.0028076171875,1,4,100663296,107.36568784713745,-0.05078125
0.54296875,0.21921607851982117,0.5056682825088501,0.013493673875927925,0.4696495234966278,0.00537109375,16,gradient_diagnostic,0.08398180454969406,0.0606195367872715,0.057885173708200455,0.005246139597147703,0.08656371384859085,0.049730945378541946,0.0706222727894783,0.005710043013095856,3,0,0.0,0.004791259765625,2,4,100663296,118.17180514335632,-0.015625
0.546875,-0.29678401350975037,-0.5373608469963074,0.1954248994588852,0.5857061743736267,0.00457763671875,16,gradient_diagnostic,0.05391106754541397,0.04476844519376755,0.029977906495332718,0.0018747833091765642,0.06777795404195786,0.05479512736201286,0.03720034286379814,0.014404152520000935,3,25165824,0.5,0.00592041015625,2,4,125829120,798.0621840953827,-0.01953125
0.53125,0.4128708839416504,0.5775156617164612,0.02746172808110714,0.9017673134803772,0.0048828125,16,gradient_diagnostic,0.077181875705719,0.06260078400373459,0.04373840242624283,0.011186419986188412,0.08046244084835052,0.06668438017368317,0.043911758810281754,0.009957659989595413,3,50331648,1.0,0.004547119140625,2,4,150994944,1482.307621717453,-0.00390625
0.421875,0.623839259147644,0.7810512185096741,0.15155251324176788,0.8751225471496582,0.00274658203125,16,gradient_diagnostic,0.09333547204732895,0.07671041786670685,0.05253135412931442,0.008214562200009823,0.08651144802570343,0.07794369757175446,0.035723038017749786,0.011527146212756634,4,0,0.0,0.0042724609375,3,4,150994944,1495.256193637848,0.080078125
0.39453125,-0.47338593006134033,-0.5612321496009827,-0.4199220538139343,0.3235361874103546,0.002716064453125,16,gradient_diagnostic,0.08277501910924911,0.06354822963476181,0.052992261946201324,0.002268508542329073,0.104644775390625,0.06377419084310532,0.08237946033477783,0.00984920747578144,4,25165824,0.5,0.00469970703125,3,4,176160768,2176.9942016601562,0.107421875
0.55859375,-0.0444231778383255,-0.26464226841926575,-0.035473499447107315,0.17817170917987823,0.006103515625,16,gradient_diagnostic,0.07147262990474701,0.04829975217580795,0.052148543298244476,0.00748329795897007,0.17553405463695526,0.04481353238224983,0.09364603459835052,0.14154282212257385,4,50331648,1.0,0.004486083984375,3,4,201326592,200.23767042160034,-0.056640625
0.517578125,0.05304781720042229,0.02433045022189617,0.07340022176504135,0.9858251214027405,0.004425048828125,64,gradient_diagnostic,0.06529412418603897,0.05432727560400963,0.03328324481844902,0.01428619958460331,0.10005471855401993,0.0909990593791008,0.04060416668653488,0.009023305959999561,2,0,0.0,0.0035400390625,1,0,50331648,5.249738454818726,-0.02734375
0.544921875,0.5276491641998291,0.005630159750580788,0.764196515083313,0.4607572853565216,0.005035400390625,64,gradient_diagnostic,0.06004643812775612,0.04205755889415741,0.04275603964924812,0.002942322753369808,0.2084420770406723,0.05277130752801895,0.20163558423519135,0.0025255565997213125,2,25165824,0.5,0.003814697265625,1,0,75497472,699.9786388874054,-0.0546875
0.5234375,-0.27894413471221924,-0.4145091772079468,0.12465626001358032,0.9790207743644714,0.004302978515625,64,gradient_diagnostic,0.0543571375310421,0.050176527351140976,0.01899515464901924,0.008729184977710247,0.07122813165187836,0.058421749621629715,0.040488097816705704,0.004589007701724768,2,50331648,1.0,0.003997802734375,1,0,100663296,1389.2619519233704,-0.033203125
0.5078125,-0.31443390250205994,-0.5566718578338623,0.35271233320236206,0.9920623302459717,0.004302978515625,64,gradient_diagnostic,0.08767228573560715,0.07168499380350113,0.049736086279153824,0.008603081107139587,0.06426779180765152,0.05778833106160164,0.02741757035255432,0.006255778018385172,3,0,0.0,0.004150390625,2,0,100663296,1397.7164895534515,-0.1171875
0.515625,-0.19821855425834656,-0.21140846610069275,0.16019940376281738,0.9861499667167664,0.00384521484375,64,gradient_diagnostic,0.05911311134696007,0.05801041051745415,0.011214103549718857,0.0018428254406899214,0.05498034507036209,0.054173290729522705,0.009163332171738148,0.0020312978886067867,3,25165824,0.5,0.004547119140625,2,0,125829120,2080.287960767746,-0.125
0.521484375,0.0800432562828064,0.07676287740468979,0.1964007318019867,0.9513290524482727,0.00372314453125,64,gradient_diagnostic,0.06102560833096504,0.06058020517230034,0.007298078387975693,0.0009495865670032799,0.03396674990653992,0.0328776091337204,0.008477294817566872,0.0009686409612186253,3,50331648,1.0,0.004730224609375,2,0,150994944,100.57115817070007,-0.130859375
0.501953125,0.8091140389442444,0.8270098567008972,0.0020172325894236565,0.9812379479408264,0.004058837890625,64,gradient_diagnostic,0.05337199941277504,0.05284048989415169,0.007264344021677971,0.0019189614104107022,0.04243207350373268,0.04186202958226204,0.006754373665899038,0.001558696269057691,4,0,0.0,0.003814697265625,3,0,150994944,109.05719375610352,-0.091796875
0.515625,-0.76961350440979,-0.7748366594314575,-0.6630055904388428,0.8126853704452515,0.003631591796875,64,gradient_diagnostic,0.046752363443374634,0.045954588800668716,0.008548781275749207,0.0009367181919515133,0.05072686821222305,0.05035930499434471,0.005874451249837875,0.0016268533654510975,4,25165824,0.5,0.0048828125,3,0,176160768,800.5655176639557,-0.10546875
0.505859375,0.12924771010875702,0.10834509879350662,0.21763846278190613,0.9993593096733093,0.00537109375,64,gradient_diagnostic,0.029315482825040817,0.028557294979691505,0.00546077499166131,0.0037494520656764507,0.02525881677865982,0.02436872571706772,0.005547919310629368,0.003659723559394479,4,50331648,1.0,0.00457763671875,3,0,201326592,1494.7274250984192,-0.095703125
0.5078125,0.7260881066322327,0.7140533924102783,0.7592335939407349,0.9883059859275818,0.0037841796875,64,gradient_diagnostic,0.07750449329614639,0.0670686885714531,0.037413254380226135,0.010439648292958736,0.0919375792145729,0.07470174878835678,0.05274204537272453,0.009510239586234093,2,0,0.0,0.004058837890625,1,1,50331648,1378.3743109703064,-0.0283203125
0.521484375,0.12588855624198914,0.22949105501174927,-0.09231176227331161,0.9144778847694397,0.004425048828125,64,gradient_diagnostic,0.05744820088148117,0.04697659984230995,0.03249819204211235,0.006112449802458286,0.0638430267572403,0.050924014300107956,0.03819449990987778,0.004884424153715372,2,25165824,0.5,0.0035400390625,1,1,75497472,2059.800125360489,-0.0419921875
0.53125,0.17140132188796997,0.09580577909946442,0.22103142738342285,0.9332622289657593,0.00579833984375,64,gradient_diagnostic,0.07584533095359802,0.053369347006082535,0.05320344492793083,0.008580250665545464,0.08800145238637924,0.054309744387865067,0.0688866376876831,0.007024037651717663,2,50331648,1.0,0.00396728515625,1,1,100663296,80.11160278320312,-0.0517578125
0.5078125,-0.4062325060367584,-0.45730626583099365,-0.38703006505966187,0.9539394378662109,0.00457763671875,64,gradient_diagnostic,0.08408194035291672,0.0534856803715229,0.06428735703229904,0.00872874166816473,0.09017948806285858,0.06477184593677521,0.06238158792257309,0.006744290702044964,3,0,0.0,0.00396728515625,2,1,100663296,88.68869614601135,-0.09375
0.521484375,0.019701505079865456,0.01047623809427023,0.025901533663272858,0.6358836889266968,0.004486083984375,64,gradient_diagnostic,0.06804484128952026,0.04753226041793823,0.04866306856274605,0.0016400603344663978,0.08074957877397537,0.05297517031431198,0.0607292614877224,0.005107165314257145,3,25165824,0.5,0.004486083984375,2,1,125829120,775.3548200130463,-0.107421875
0.501953125,0.17015786468982697,0.2240251749753952,0.10781676322221756,-0.233076810836792,0.00335693359375,64,gradient_diagnostic,0.07818811386823654,0.06033287197351456,0.04971318691968918,0.001387530704960227,0.08220091462135315,0.057828035205602646,0.05836561694741249,0.0025226573925465345,3,50331648,1.0,0.004180908203125,2,1,150994944,1465.809634923935,-0.087890625
0.521484375,-0.2537500560283661,-0.32699674367904663,-0.1745738834142685,0.9156355857849121,0.00311279296875,64,gradient_diagnostic,0.11117730289697647,0.09226489812135696,0.06191009655594826,0.0038367526140064,0.0786680281162262,0.05293631926178932,0.05816417932510376,0.0018258901545777917,4,0,0.0,0.0042724609375,3,1,150994944,1474.3783440589905,-0.1171875
0.501953125,0.0330340750515461,0.06129410117864609,0.013057642616331577,0.27970269322395325,0.0040283203125,64,gradient_diagnostic,0.06875023990869522,0.041001662611961365,0.055126335471868515,0.0025585072580724955,0.08767744898796082,0.06067211180925369,0.06327617913484573,0.0015344916610047221,4,25165824,0.5,0.0050048828125,3,1,176160768,2161.2261300086975,-0.09765625
0.509765625,0.05722007900476456,0.22200632095336914,-0.000652176677249372,-0.3608682453632355,0.003753662109375,64,gradient_diagnostic,0.07408639043569565,0.04647599905729294,0.05766016244888306,0.002019833540543914,0.10331249982118607,0.04296434298157692,0.09392224997282028,0.0024796114303171635,4,50331648,1.0,0.004852294921875,3,1,201326592,202.9970908164978,-0.10546875
0.533203125,0.05001963675022125,0.06898559629917145,-0.052587367594242096,0.8505958914756775,0.004638671875,64,gradient_diagnostic,0.08812494575977325,0.07984097301959991,0.03701537102460861,0.004613921511918306,0.06274443864822388,0.05687694624066353,0.026238394901156425,0.0036638483870774508,2,0,0.0,0.004058837890625,1,2,50331648,1441.371910572052,-0.1015625
0.546875,0.20781849324703217,0.1436360627412796,0.2732623517513275,0.8110334277153015,0.005035400390625,64,gradient_diagnostic,0.0652814581990242,0.049036506563425064,0.0427686832845211,0.005284843500703573,0.10724866390228271,0.07420769333839417,0.07708152383565903,0.007343887817114592,2,25165824,0.5,0.00384521484375,1,2,75497472,2139.1569073200226,-0.115234375
0.546875,0.4054030776023865,0.467014342546463,0.29611900448799133,0.9629018902778625,0.005035400390625,64,gradient_diagnostic,0.060489628463983536,0.04543675482273102,0.03943181782960892,0.006295108236372471,0.056411389261484146,0.043145764619112015,0.035014912486076355,0.009728493168950081,2,50331648,1.0,0.00299072265625,1,2,100663296,178.86210536956787,-0.115234375
0.51953125,0.6406192183494568,0.6686164736747742,0.5967415571212769,0.9639307856559753,0.0035400390625,64,gradient_diagnostic,0.10290369391441345,0.08252855390310287,0.06063922867178917,0.010054449550807476,0.07767992466688156,0.05779628828167915,0.051338233053684235,0.00762536795809865,3,0,0.0,0.00396728515625,2,2,100663296,187.14939188957214,-0.126953125
0.521484375,0.31979063153266907,0.2350054383277893,0.37933194637298584,0.9694441556930542,0.003997802734375,64,gradient_diagnostic,0.07187288999557495,0.05022027716040611,0.051184285432100296,0.004879023414105177,0.06731786578893661,0.03597734495997429,0.05671653896570206,0.004534408915787935,3,25165824,0.5,0.0040283203125,2,2,125829120,881.9513041973114,-0.12890625
0.501953125,0.19434583187103271,0.3586319386959076,0.10030363500118256,0.8541678786277771,0.00439453125,64,gradient_diagnostic,0.06820567697286606,0.037873487919569016,0.05639715865254402,0.0060805631801486015,0.08128591626882553,0.0510367788374424,0.06304208189249039,0.0053238654509186745,3,50331648,1.0,0.004669189453125,2,2,150994944,1562.7734735012054,-0.109375
0.501953125,0.1652919054031372,0.25122058391571045,0.11148498207330704,0.9446426630020142,0.0047607421875,64,gradient_diagnostic,0.10327232629060745,0.05578980967402458,0.08682846277952194,0.0036726242396980524,0.05186883360147476,0.036743078380823135,0.03611404448747635,0.006008148193359375,4,0,0.0,0.00469970703125,3,2,150994944,1571.5017261505127,-0.076171875
0.51171875,0.1637388914823532,0.21459122002124786,0.13808490335941315,0.45002442598342896,0.00341796875,64,gradient_diagnostic,0.08024001121520996,0.045139558613300323,0.06632694602012634,0.0012713639298453927,0.09193626046180725,0.05491853505373001,0.07371915131807327,0.0013101815711706877,4,25165824,0.5,0.003692626953125,3,2,176160768,2252.205981492996,-0.0859375
0.501953125,0.16584378480911255,0.23764413595199585,0.12716716527938843,0.6469862461090088,0.003814697265625,64,gradient_diagnostic,0.06146162375807762,0.03617578372359276,0.049678198993206024,0.0009591430425643921,0.07381633669137955,0.04366253688931465,0.05948352441191673,0.0020360632333904505,4,50331648,1.0,0.0047607421875,3,2,201326592,278.76454877853394,-0.076171875
0.52734375,0.8361806273460388,0.8220480680465698,0.93870609998703,0.9315463900566101,0.005096435546875,64,gradient_diagnostic,0.06982707977294922,0.05734247341752052,0.03962625190615654,0.004173922352492809,0.11196135729551315,0.10188218951225281,0.04591761529445648,0.006851154379546642,2,0,0.0,0.004058837890625,1,3,50331648,1370.4575064182281,-0.060546875
0.537109375,0.2750711143016815,0.17725135385990143,0.5977787971496582,0.9502747058868408,0.00439453125,64,gradient_diagnostic,0.0628165751695633,0.0573757104575634,0.024625927209854126,0.006893081124871969,0.06968771666288376,0.05730215832591057,0.03899511694908142,0.0072264764457941055,2,25165824,0.5,0.003265380859375,1,3,75497472,2047.031052827835,-0.0703125
0.517578125,0.10059887170791626,-0.18546777963638306,0.5576815009117126,0.9610630869865417,0.004974365234375,64,gradient_diagnostic,0.07015049457550049,0.0563635528087616,0.038836512714624405,0.015361187048256397,0.07778319716453552,0.061806149780750275,0.04460776597261429,0.015503956004977226,2,50331648,1.0,0.00286865234375,1,3,100663296,66.13561916351318,-0.05078125
0.501953125,0.544282078742981,0.6615808010101318,0.08600854128599167,0.9942044615745544,0.003814697265625,64,gradient_diagnostic,0.08772333711385727,0.07402657717466354,0.04483955353498459,0.014313084073364735,0.07150556892156601,0.06364385783672333,0.029996899887919426,0.012755082920193672,3,0,0.0,0.004150390625,2,3,100663296,74.302565574646,-0.0986328125
0.5078125,0.10112349689006805,-0.029192272573709488,0.21756082773208618,0.7085921764373779,0.00445556640625,64,gradient_diagnostic,0.05303307622671127,0.039190370589494705,0.035567738115787506,0.0033997315913438797,0.07441708445549011,0.04716838523745537,0.05745111033320427,0.003523747669532895,3,25165824,0.5,0.003997802734375,2,3,125829120,750.3287880420685,-0.1044921875
0.51171875,0.44653791189193726,0.41635340452194214,0.4997272491455078,-0.3508846163749695,0.004241943359375,64,gradient_diagnostic,0.06371699273586273,0.03352030739188194,0.054101843386888504,0.00303889368660748,0.06256838142871857,0.046261485666036606,0.04205890744924545,0.0023928596638143063,3,50331648,1.0,0.00457763671875,2,3,150994944,1423.16313123703,-0.1083984375
0.52734375,-0.18583472073078156,-0.19209010899066925,-0.1813003271818161,0.1829332411289215,0.003875732421875,64,gradient_diagnostic,0.0641806349158287,0.048264279961586,0.042214248329401016,0.002769503043964505,0.05786222219467163,0.04032454267144203,0.04145163297653198,0.0019313523080199957,4,0,0.0,0.00439453125,3,3,150994944,1432.4093208312988,-0.1240234375
0.501953125,-0.07301946729421616,-0.14574675261974335,0.007134948391467333,0.17311282455921173,0.004638671875,64,gradient_diagnostic,0.07981891930103302,0.05502234026789665,0.057792436331510544,0.0019070989219471812,0.06679989397525787,0.05092429742217064,0.04305334389209747,0.00391815509647131,4,25165824,0.5,0.004302978515625,3,3,176160768,2136.038449525833,-0.0986328125
0.50390625,-0.09255791455507278,-0.25485050678253174,0.05419764667749405,0.8742749094963074,0.00384521484375,64,gradient_diagnostic,0.05923337861895561,0.04406452551484108,0.03900901973247528,0.006723630707710981,0.09397556632757187,0.06160532310605049,0.07081873714923859,0.004571415483951569,4,50331648,1.0,0.004119873046875,3,3,201326592,150.21264719963074,-0.1005859375
0.54296875,0.43942761421203613,0.3511417806148529,0.6720277667045593,0.9537426829338074,0.00390625,64,gradient_diagnostic,0.0766923651099205,0.06756936013698578,0.03593272715806961,0.004993923008441925,0.06581375747919083,0.052485086023807526,0.039521604776382446,0.003848337335512042,2,0,0.0,0.003662109375,1,4,50331648,1359.0331573486328,-0.1015625
0.51953125,0.5276748538017273,0.5810688138008118,0.4661133587360382,0.9660540223121643,0.005279541015625,64,gradient_diagnostic,0.06068764999508858,0.04259676858782768,0.04279027879238129,0.006123639177531004,0.09170102328062057,0.07485761493444443,0.05266648530960083,0.005626405123621225,2,25165824,0.5,0.00311279296875,1,4,75497472,2027.6941254138947,-0.078125
0.51171875,0.3580043315887451,0.708173930644989,-0.11145391315221786,0.7531441450119019,0.00482177734375,64,gradient_diagnostic,0.10427176207304001,0.08416870981454849,0.06136850640177727,0.004704827908426523,0.0915067121386528,0.06450611352920532,0.06478194147348404,0.003967418801039457,2,50331648,1.0,0.003143310546875,1,4,100663296,39.05010509490967,-0.0703125
0.501953125,0.3377070426940918,0.40009984374046326,0.2625100910663605,0.8029612898826599,0.003997802734375,64,gradient_diagnostic,0.08917968720197678,0.06695759296417236,0.05876172333955765,0.004093660973012447,0.10347530245780945,0.0746367946267128,0.07156068831682205,0.003943777643144131,3,0,0.0,0.0042724609375,2,4,100663296,47.05108118057251,-0.068359375
0.49609375,-0.3202027380466461,-0.3948160707950592,-0.13579295575618744,0.9190782308578491,0.003662109375,64,gradient_diagnostic,0.06289283186197281,0.0519496314227581,0.035361696034669876,0.002508861478418112,0.08456473797559738,0.07354164123535156,0.041678640991449356,0.0023902321700006723,3,25165824,0.5,0.00494384765625,2,4,125829120,723.8596653938293,-0.0625
0.5078125,0.5348041653633118,-0.042794834822416306,0.8555669784545898,0.9959728121757507,0.003387451171875,64,gradient_diagnostic,0.11436386406421661,0.06550514698028564,0.09328929334878922,0.00923449732363224,0.06085842102766037,0.03766428679227829,0.046882785856723785,0.009335578419268131,3,50331648,1.0,0.00396728515625,2,4,150994944,1399.328693151474,-0.07421875
0.505859375,0.6623026132583618,0.4994812309741974,0.7807247638702393,0.9921362400054932,0.00390625,64,gradient_diagnostic,0.0667882189154625,0.04613528028130531,0.047473009675741196,0.008860893547534943,0.0826929360628128,0.04654880613088608,0.0679008960723877,0.007797354366630316,4,0,0.0,0.003753662109375,3,4,150994944,1407.1981143951416,-0.125
0.5078125,0.32650628685951233,0.48015639185905457,0.12469805032014847,0.9962638020515442,0.003997802734375,64,gradient_diagnostic,0.06772327423095703,0.06005927175283432,0.030806077644228935,0.00550565030425787,0.06133565679192543,0.03966359421610832,0.04636452719569206,0.006260400637984276,4,25165824,0.5,0.003936767578125,3,4,176160768,2079.0412480831146,-0.126953125
0.51171875,0.2019096165895462,0.19540612399578094,0.22148530185222626,0.972120463848114,0.00396728515625,64,gradient_diagnostic,0.04886924475431442,0.036496106535196304,0.032322417944669724,0.003390973899513483,0.06363386660814285,0.056134600192308426,0.029586074873805046,0.004779078997671604,4,50331648,1.0,0.004302978515625,3,4,201326592,81.59712433815002,-0.130859375
0.498046875,0.0711001604795456,-0.0760788694024086,0.367159903049469,0.990294873714447,0.003692626953125,256,gradient_diagnostic,0.057812001556158066,0.03969527408480644,0.041241440922021866,0.008102855645120144,0.08225691318511963,0.07478413730859756,0.03353364020586014,0.00700194388628006,2,0,0.0,0.003570556640625,1,0,50331648,6.854031562805176,-0.4716796875
0.0,0.1386856585741043,0.13917291164398193,0.08392342925071716,0.9945679903030396,0.0,256,gradient_diagnostic,0.05326316878199577,0.04299014434218407,0.03034939058125019,0.008229640312492847,0.06707940995693207,0.05937881022691727,0.03023453988134861,0.007725086063146591,2,25165824,0.5,0.0,1,0,75497472,681.3116493225098,0.0263671875
0.037109375,0.8198121786117554,0.6961009502410889,0.9122447371482849,0.9685510993003845,0.000213623046875,256,gradient_diagnostic,0.10332462191581726,0.06618649512529373,0.07895446568727493,0.007843276485800743,0.11292247474193573,0.07522297650575638,0.08371542394161224,0.009204140864312649,2,50331648,1.0,0.000213623046875,1,0,100663296,1352.7724752426147,-0.0107421875
0.0234375,0.6856546998023987,0.5890284776687622,0.746300458908081,0.688909113407135,6.103515625e-05,256,gradient_diagnostic,0.07604900747537613,0.04444074630737305,0.06126893684267998,0.007388410158455372,0.098734050989151,0.06281890720129013,0.07584359496831894,0.007067348808050156,3,0,0.0,0.00018310546875,2,0,100663296,1364.8251934051514,0.36328125
0.501953125,0.1768288016319275,0.16142360866069794,0.35622453689575195,0.9488994479179382,0.0035400390625,256,gradient_diagnostic,0.07172679156064987,0.0630984827876091,0.033980969339609146,0.0029340225737541914,0.044723108410835266,0.04359938204288483,0.009445302188396454,0.0031680690590292215,3,25165824,0.5,0.004180908203125,2,0,125829120,2056.51354265213,-0.115234375
0.48828125,0.6682461500167847,0.6913936138153076,0.5964156985282898,0.9104475975036621,0.003631591796875,256,gradient_diagnostic,0.053595852106809616,0.047939233481884,0.02334698475897312,0.005409605801105499,0.05120253190398216,0.04357403516769409,0.02660878375172615,0.0038698071148246527,3,50331648,1.0,0.003875732421875,2,0,150994944,80.58853530883789,-0.1015625
0.49609375,0.2729465365409851,0.25562983751296997,0.31506624817848206,0.9666532874107361,0.003662109375,256,gradient_diagnostic,0.043014079332351685,0.038546741008758545,0.018646251410245895,0.004083736799657345,0.0550086572766304,0.049055859446525574,0.02442009374499321,0.004809743259102106,4,0,0.0,0.00341796875,3,0,150994944,89.03372550010681,-0.12890625
0.5,0.23271870613098145,0.14970742166042328,0.3906998038291931,0.9878476858139038,0.002655029296875,256,gradient_diagnostic,0.05724663659930229,0.04331722855567932,0.03691975027322769,0.006142215337604284,0.04696117714047432,0.04087626188993454,0.021975526586174965,0.007180496584624052,4,25165824,0.5,0.004150390625,3,0,176160768,767.9700269699097,-0.1328125
0.482421875,0.3426416218280792,0.495524525642395,0.21753539144992828,0.8192287683486938,0.004730224609375,256,gradient_diagnostic,0.05392199382185936,0.03512808680534363,0.04084261506795883,0.0023408890701830387,0.08852919191122055,0.06101296469569206,0.06411326676607132,0.0020794912707060575,4,50331648,1.0,0.003997802734375,3,0,201326592,1445.1160616874695,-0.115234375
0.498046875,0.1736050695180893,-0.25554952025413513,0.6413235664367676,0.9963465929031372,0.0035400390625,256,gradient_diagnostic,0.043046943843364716,0.02741903066635132,0.03149133175611496,0.010465751402080059,0.05352209135890007,0.04342815279960632,0.02950587309896946,0.010392943397164345,2,0,0.0,0.0037841796875,1,1,50331648,1368.0857412815094,-0.1005859375
0.49609375,0.7123183608055115,0.714605450630188,0.6605800986289978,0.997118353843689,0.004119873046875,256,gradient_diagnostic,0.07864413410425186,0.0717528834939003,0.029596328735351562,0.012668132781982422,0.09865093976259232,0.0929548442363739,0.030139774084091187,0.013527714647352695,2,25165824,0.5,0.00390625,1,1,75497472,2045.15607380867,-0.0986328125
0.513671875,0.4985184371471405,0.47198423743247986,0.7195945978164673,0.9286917448043823,0.004302978515625,256,gradient_diagnostic,0.12981200218200684,0.12327276915311813,0.04028516635298729,0.005664510652422905,0.12498735636472702,0.11759033054113388,0.04198728874325752,0.005605569574981928,2,50331648,1.0,0.003936767578125,1,1,100663296,48.93905210494995,-0.1162109375
0.505859375,0.6184015274047852,0.6091110706329346,0.710870623588562,0.7677709460258484,0.00396728515625,256,gradient_diagnostic,0.12445181608200073,0.11883991211652756,0.036459922790527344,0.006000511348247528,0.12754158675670624,0.12142196297645569,0.038705967366695404,0.0050407047383487225,3,0,0.0,0.0030517578125,2,1,100663296,56.59651517868042,-0.123046875
0.421875,0.45230311155319214,0.44074493646621704,0.46049484610557556,0.9897130727767944,0.004547119140625,256,gradient_diagnostic,0.08014922589063644,0.07215774059295654,0.03366115316748619,0.009169799275696278,0.05487664043903351,0.04867488518357277,0.024337012320756912,0.007064747624099255,3,25165824,0.5,0.004425048828125,2,1,125829120,736.6445107460022,-0.0390625
0.486328125,0.43319615721702576,0.40454766154289246,0.4576779901981354,0.9285513758659363,0.003753662109375,256,gradient_diagnostic,0.0653052106499672,0.046005722135305405,0.04560763016343117,0.00825758371502161,0.0780075341463089,0.060039784759283066,0.049077317118644714,0.008474472910165787,3,50331648,1.0,0.004058837890625,2,1,150994944,1413.152251958847,-0.103515625
0.501953125,0.47753244638442993,0.44987064599990845,0.4999484419822693,0.9909626245498657,0.004241943359375,256,gradient_diagnostic,0.06730930507183075,0.04883568361401558,0.045186009258031845,0.010190323926508427,0.08135198801755905,0.06418456882238388,0.049067527055740356,0.009532323107123375,4,0,0.0,0.004364013671875,3,1,150994944,1422.161813735962,-0.12109375
0.5,0.26015159487724304,0.30778974294662476,0.20750685036182404,0.9925909638404846,0.00384521484375,256,gradient_diagnostic,0.0850355327129364,0.05802873894572258,0.06149274855852127,0.009074666537344456,0.07691093534231186,0.05032087117433548,0.05769425258040428,0.007380789611488581,4,25165824,0.5,0.003753662109375,3,1,176160768,2095.2627453804016,-0.119140625
0.501953125,0.07347649335861206,-0.18869838118553162,0.29945993423461914,0.765224039554596,0.003387451171875,256,gradient_diagnostic,0.07086119055747986,0.04725851118564606,0.052696287631988525,0.0033231351990252733,0.06837757676839828,0.0476590134203434,0.048887573182582855,0.0037572206929326057,4,50331648,1.0,0.004425048828125,3,1,201326592,99.46061277389526,-0.12109375
0.501953125,-0.1114799827337265,-0.3541652262210846,0.4658881723880768,0.9970971941947937,0.004150390625,256,gradient_diagnostic,0.08655518293380737,0.07536052167415619,0.04158599674701691,0.009121222421526909,0.06283598393201828,0.051339369267225266,0.0349513404071331,0.009541160427033901,2,0,0.0,0.00372314453125,1,2,50331648,1536.9373190402985,-0.1123046875
0.5,0.6199226975440979,0.45472195744514465,0.7686598300933838,0.9822704195976257,0.00408935546875,256,gradient_diagnostic,0.06320954859256744,0.04331989958882332,0.045895691961050034,0.003524091327562928,0.06519149243831635,0.045216020196676254,0.046860456466674805,0.003088606521487236,2,25165824,0.5,0.003265380859375,1,2,75497472,2359.768462896347,-0.1103515625
0.5,0.38011518120765686,0.1994880586862564,0.47107720375061035,0.9898510575294495,0.004119873046875,256,gradient_diagnostic,0.05896831303834915,0.03342811018228531,0.046365804970264435,0.014492605812847614,0.09480465948581696,0.06417122483253479,0.06830307841300964,0.014306160621345043,2,50331648,1.0,0.003509521484375,1,2,100663296,392.7204053401947,-0.1103515625
0.4375,0.26850077509880066,0.3134581446647644,0.19964708387851715,0.987326979637146,0.003662109375,256,gradient_diagnostic,0.12524983286857605,0.08606333285570145,0.09022007882595062,0.011872747913002968,0.07210739701986313,0.05416212975978851,0.04629259929060936,0.011087651364505291,3,0,0.0,0.0042724609375,2,2,100663296,404.83569717407227,-0.064453125
0.482421875,-0.021203404292464256,-0.019790152087807655,-0.02824990637600422,0.9763308763504028,0.00372314453125,256,gradient_diagnostic,0.07055333256721497,0.050841182470321655,0.04877191036939621,0.0037745696026831865,0.08952818065881729,0.06634509563446045,0.05996715649962425,0.004190988838672638,3,25165824,0.5,0.003570556640625,2,2,125829120,1092.9995758533478,-0.109375
0.462890625,0.3226715624332428,0.3039023280143738,0.34215274453163147,0.7835704684257507,0.003509521484375,256,gradient_diagnostic,0.08899854868650436,0.06375963985919952,0.062077924609184265,0.0013349148212000728,0.07429268211126328,0.05305143818259239,0.05199945345520973,0.0010020968038588762,3,50331648,1.0,0.00457763671875,2,2,150994944,1792.9561183452606,-0.08984375
0.501953125,0.4935969412326813,0.42169734835624695,0.5535798072814941,0.8508729338645935,0.005157470703125,256,gradient_diagnostic,0.07845941185951233,0.05458084121346474,0.056345339864492416,0.0014191868249326944,0.08844604343175888,0.04879909008741379,0.07375379651784897,0.0013149634469300508,4,0,0.0,0.0045166015625,3,2,150994944,1802.4778907299042,-0.1171875
0.494140625,-0.29202350974082947,-0.38161247968673706,0.013583029620349407,0.9701109528541565,0.003082275390625,256,gradient_diagnostic,0.05628519877791405,0.0507708303630352,0.02421542815864086,0.0019898025784641504,0.06622955203056335,0.057123105973005295,0.03330731391906738,0.0037318223621696234,4,25165824,0.5,0.00408935546875,3,2,176160768,2487.838141441345,-0.109375
0.501953125,0.5358121991157532,0.5083724856376648,0.5665830373764038,0.998420000076294,0.00390625,256,gradient_diagnostic,0.06691613793373108,0.0515328012406826,0.04224585369229317,0.006117857992649078,0.06752517819404602,0.050948478281497955,0.04396481439471245,0.005567476619035006,4,50331648,1.0,0.003814697265625,3,2,201326592,518.830771446228,-0.1171875
0.478515625,0.723946750164032,0.7288295030593872,0.7125745415687561,0.7151079773902893,0.003570556640625,256,gradient_diagnostic,0.08944763988256454,0.08124774694442749,0.037238262593746185,0.00360509124584496,0.10222747921943665,0.08980991691350937,0.048689596354961395,0.0037360158748924732,2,0,0.0,0.00421142578125,1,3,50331648,1538.435695886612,-0.0693359375
0.5078125,0.5982238054275513,0.5409384369850159,0.7372704148292542,0.9719215631484985,0.003814697265625,256,gradient_diagnostic,0.08403433114290237,0.06981781870126724,0.04550226032733917,0.010806716978549957,0.11599736660718918,0.09984833747148514,0.05805632099509239,0.010731355287134647,2,25165824,0.5,0.003662109375,1,3,75497472,2304.6580080986023,-0.0986328125
0.505859375,0.3635600805282593,0.42620623111724854,-0.28078359365463257,0.9177486300468445,0.004486083984375,256,gradient_diagnostic,0.09625209122896194,0.09399588406085968,0.02041405253112316,0.0035363503266125917,0.07714921981096268,0.07134833186864853,0.029222019016742706,0.002736917929723859,2,50331648,1.0,0.0037841796875,1,3,100663296,407.85176610946655,-0.0966796875
0.486328125,0.27596020698547363,0.2986941933631897,0.07754876464605331,0.9440496563911438,0.00323486328125,256,gradient_diagnostic,0.13253752887248993,0.1294037103652954,0.02845112979412079,0.0033778739161789417,0.0516672283411026,0.04744628071784973,0.02013886161148548,0.0035747941583395004,3,0,0.0,0.004364013671875,2,3,100663296,423.5570306777954,-0.103515625
0.50390625,-0.28892573714256287,-0.3715651035308838,-0.05660771206021309,0.05041844770312309,0.004364013671875,256,gradient_diagnostic,0.09187519550323486,0.08018957823514938,0.044409092515707016,0.006205944810062647,0.06403638422489166,0.05422571301460266,0.03389646112918854,0.003355693770572543,3,25165824,0.5,0.003448486328125,2,3,125829120,1205.5246636867523,-0.12109375
0.427734375,0.33576005697250366,0.20463664829730988,0.4860740900039673,0.8898571133613586,0.00469970703125,256,gradient_diagnostic,0.0804096907377243,0.0504453182220459,0.06250067055225372,0.0038280710577964783,0.10495742410421371,0.08245329558849335,0.06483094394207001,0.0038031453732401133,3,50331648,1.0,0.00372314453125,2,3,150994944,1997.007702589035,-0.044921875
0.501953125,-0.04112902656197548,-0.03266071900725365,-0.05953873693943024,0.9093484282493591,0.004058837890625,256,gradient_diagnostic,0.09160774201154709,0.07180673629045486,0.05676200985908508,0.0037209810689091682,0.08578445762395859,0.06251402944326401,0.05842132866382599,0.00615766691043973,4,0,0.0,0.0037841796875,3,3,150994944,2017.9169754981995,-0.1435546875
0.466796875,0.0906355008482933,0.23244264721870422,-0.019172130152583122,0.9960982799530029,0.004302978515625,256,gradient_diagnostic,0.06724077463150024,0.04459863901138306,0.04945877939462662,0.00927965808659792,0.10097163915634155,0.057458437979221344,0.08235200494527817,0.010580483824014664,4,25165824,0.5,0.004486083984375,3,3,176160768,129.23167872428894,-0.1083984375
0.490234375,0.1058514416217804,0.21126598119735718,0.02359764091670513,0.9861864447593689,0.0035400390625,256,gradient_diagnostic,0.08423983305692673,0.050808798521757126,0.06706506013870239,0.0041343471966683865,0.09174507111310959,0.06529714912176132,0.06433708965778351,0.0037655970081686974,4,50331648,1.0,0.003631591796875,3,3,201326592,939.9846560955048,-0.1318359375
0.5078125,0.07849955558776855,-0.3357643485069275,0.5578314065933228,0.9449320435523987,0.0035400390625,256,gradient_diagnostic,0.06539638340473175,0.04481250047683716,0.04754389077425003,0.0028470829129219055,0.06127714738249779,0.047542642802000046,0.03857743367552757,0.0025233058258891106,2,0,0.0,0.00390625,1,4,50331648,1399.2141914367676,-0.154296875
0.490234375,0.43925532698631287,0.39629217982292175,0.48818448185920715,0.9115906953811646,0.003997802734375,256,gradient_diagnostic,0.061596471816301346,0.045420702546834946,0.04121912643313408,0.005662913434207439,0.0489247664809227,0.03767695277929306,0.03082157112658024,0.004910302348434925,2,25165824,0.5,0.003387451171875,1,4,75497472,2093.153830766678,-0.13671875
0.498046875,-0.6352354884147644,-0.7232775688171387,-0.4474787712097168,0.5574588179588318,0.00372314453125,256,gradient_diagnostic,0.07855556905269623,0.06402547657489777,0.045401617884635925,0.003226103028282523,0.0748695582151413,0.06324050575494766,0.039985932409763336,0.002686048625037074,2,50331648,1.0,0.00341796875,1,4,100663296,112.74488472938538,-0.14453125
0.458984375,0.22667573392391205,0.195365309715271,0.2940030097961426,0.12506020069122314,0.00372314453125,256,gradient_diagnostic,0.07626347243785858,0.06146365404129028,0.04508586600422859,0.002366657368838787,0.06700503826141357,0.056127581745386124,0.03647228702902794,0.003023522673174739,3,0,0.0,0.0040283203125,2,4,100663296,121.72105288505554,-0.0810546875
0.474609375,0.344184011220932,0.3884541690349579,0.2788345515727997,0.8617054224014282,0.003173828125,256,gradient_diagnostic,0.08130207657814026,0.06859958916902542,0.04345963895320892,0.0039222058840096,0.0738590657711029,0.05449669808149338,0.049726150929927826,0.003547053085640073,3,25165824,0.5,0.0045166015625,2,4,125829120,801.2439522743225,-0.0966796875
0.48828125,0.43122589588165283,0.5103580951690674,0.2799012064933777,0.9266324639320374,0.003387451171875,256,gradient_diagnostic,0.05309799313545227,0.04299524426460266,0.030925700441002846,0.0037955811712890863,0.07853288948535919,0.06262340396642685,0.047179773449897766,0.004448918160051107,3,50331648,1.0,0.003570556640625,2,4,150994944,1486.2703738212585,-0.1103515625
0.451171875,0.6492124795913696,0.7416171431541443,0.41607922315597534,0.9656508564949036,0.00360107421875,256,gradient_diagnostic,0.09707259386777878,0.07982174307107925,0.055124908685684204,0.0035806670784950256,0.07840267568826675,0.06863487511873245,0.03770563378930092,0.0038103896658867598,4,0,0.0,0.002960205078125,3,4,150994944,1494.2145795822144,-0.0673828125
0.45703125,0.44709083437919617,0.3997754752635956,0.4986110329627991,0.7352406978607178,0.003448486328125,256,gradient_diagnostic,0.08855810016393661,0.06432098150253296,0.060808662325143814,0.00276673655025661,0.0992027297616005,0.07134150713682175,0.06889931112527847,0.0021110905800014734,4,25165824,0.5,0.003875732421875,3,4,176160768,2163.767953157425,-0.0732421875
0.44140625,-0.1173844039440155,-0.3391176164150238,0.0701572522521019,0.08322695642709732,0.003143310546875,256,gradient_diagnostic,0.05598517879843712,0.040390074253082275,0.03875735029578209,0.0009215636528097093,0.08711094409227371,0.05518187955021858,0.06738078594207764,0.0017626151675358415,4,50331648,1.0,0.00341796875,3,4,201326592,159.97163033485413,-0.0576171875
