diversity,seed,phase,start_success,end_success,transfer_gap,specialization_gain,d1_success_after_phase,backward_d1
1,0,1,0.0537109375,0.400390625,nan,0.3466796875,0.4111328125,0.0
1,0,2,0.5634765625,0.5712890625,-0.1630859375,0.0078125,0.3701171875,-0.041015625
1,0,3,0.7861328125,0.7861328125,-0.21484375,0.0,0.40234375,-0.0087890625
1,0,4,0.771484375,0.767578125,0.0146484375,-0.00390625,0.3837890625,-0.02734375
1,1,1,0.04296875,0.3759765625,nan,0.3330078125,0.3759765625,0.0
1,1,2,0.5849609375,0.5732421875,-0.208984375,-0.01171875,0.3974609375,0.021484375
1,1,3,0.779296875,0.77734375,-0.2060546875,-0.001953125,0.421875,0.0458984375
1,1,4,0.2451171875,0.7802734375,0.5322265625,0.53515625,0.3935546875,0.017578125
1,2,1,0.052734375,0.408203125,nan,0.35546875,0.376953125,0.0
1,2,2,0.552734375,0.564453125,-0.14453125,0.01171875,0.3896484375,0.0126953125
1,2,3,0.78125,0.7626953125,-0.216796875,-0.0185546875,0.4052734375,0.0283203125
1,2,4,0.8037109375,0.7763671875,-0.041015625,-0.02734375,0.37109375,-0.005859375
1,3,1,0.0517578125,0.369140625,nan,0.3173828125,0.396484375,0.0
1,3,2,0.05078125,0.591796875,0.318359375,0.541015625,0.3916015625,-0.0048828125
1,3,3,0.7802734375,0.78125,-0.1884765625,0.0009765625,0.3310546875,-0.0654296875
1,3,4,0.0,0.0,0.78125,0.0,0.4462890625,0.0498046875
1,4,1,0.05078125,0.0,nan,-0.05078125,0.0,0.0
1,4,2,0.0,0.5537109375,0.0,0.5537109375,0.34765625,0.34765625
1,4,3,0.79296875,0.7861328125,-0.2392578125,-0.0068359375,0.3984375,0.3984375
1,4,4,0.78515625,0.7822265625,0.0009765625,-0.0029296875,0.38671875,0.38671875
4,0,1,0.052734375,0.73828125,nan,0.685546875,0.689453125,0.0
4,0,2,0.3095703125,0.291015625,0.4287109375,-0.0185546875,0.673828125,-0.015625
4,0,3,0.5400390625,0.525390625,-0.2490234375,-0.0146484375,0.61328125,-0.076171875
4,0,4,0.3515625,0.4013671875,0.173828125,0.0498046875,0.68359375,-0.005859375
4,1,1,0.0498046875,0.681640625,nan,0.6318359375,0.689453125,0.0
4,1,2,0.2880859375,0.2783203125,0.3935546875,-0.009765625,0.6689453125,-0.0205078125
4,1,3,0.541015625,0.5390625,-0.2626953125,-0.001953125,0.6103515625,-0.0791015625
4,1,4,0.333984375,0.3740234375,0.205078125,0.0400390625,0.697265625,0.0078125
4,2,1,0.05078125,0.6962890625,nan,0.6455078125,0.6796875,0.0
4,2,2,0.2900390625,0.2841796875,0.40625,-0.005859375,0.6611328125,-0.0185546875
4,2,3,0.556640625,0.5302734375,-0.2724609375,-0.0263671875,0.7333984375,0.0537109375
4,2,4,0.376953125,0.3828125,0.1533203125,0.005859375,0.6923828125,0.0126953125
4,3,1,0.044921875,0.650390625,nan,0.60546875,0.703125,0.0
4,3,2,0.267578125,0.3193359375,0.3828125,0.0517578125,0.7529296875,0.0498046875
4,3,3,0.54296875,0.5498046875,-0.2236328125,0.0068359375,0.701171875,-0.001953125
4,3,4,0.376953125,0.3662109375,0.1728515625,-0.0107421875,0.7490234375,0.0458984375
4,4,1,0.0546875,0.68359375,nan,0.62890625,0.7431640625,0.0
4,4,2,0.2939453125,0.2724609375,0.3896484375,-0.021484375,0.69921875,-0.0439453125
4,4,3,0.546875,0.5517578125,-0.2744140625,0.0048828125,0.71875,-0.0244140625
4,4,4,0.390625,0.38671875,0.1611328125,-0.00390625,0.7158203125,-0.02734375
16,0,1,0.0390625,0.3583984375,nan,0.3193359375,0.3701171875,0.0
16,0,2,0.5126953125,0.509765625,-0.154296875,-0.0029296875,0.3388671875,-0.03125
16,0,3,0.5107421875,0.4814453125,-0.0009765625,-0.029296875,0.3408203125,-0.029296875
16,0,4,0.3232421875,0.3212890625,0.158203125,-0.001953125,0.3330078125,-0.037109375
16,1,1,0.0263671875,0.3369140625,nan,0.310546875,0.3603515625,0.0
16,1,2,0.5302734375,0.513671875,-0.193359375,-0.0166015625,0.3271484375,-0.033203125
16,1,3,0.5029296875,0.484375,0.0107421875,-0.0185546875,0.34765625,-0.0126953125
16,1,4,0.3349609375,0.314453125,0.1494140625,-0.0205078125,0.3525390625,-0.0078125
16,2,1,0.03515625,0.0,nan,-0.03515625,0.0,0.0
16,2,2,0.0,0.0,0.0,0.0,0.0,0.0
16,2,3,0.0,0.0,0.0,0.0,0.0,0.0
16,2,4,0.0,0.0,0.0,0.0,0.0,0.0
16,3,1,0.03125,0.34765625,nan,0.31640625,0.333984375,0.0
16,3,2,0.5087890625,0.5283203125,-0.1611328125,0.01953125,0.3720703125,0.0380859375
16,3,3,0.5068359375,0.5029296875,0.021484375,-0.00390625,0.3583984375,0.0244140625
16,3,4,0.322265625,0.2919921875,0.1806640625,-0.0302734375,0.3349609375,0.0009765625
16,4,1,0.037109375,0.345703125,nan,0.30859375,0.326171875,0.0
16,4,2,0.50390625,0.50390625,-0.158203125,0.0,0.3408203125,0.0146484375
16,4,3,0.4736328125,0.52734375,0.0302734375,0.0537109375,0.3583984375,0.0322265625
16,4,4,0.3125,0.501953125,0.21484375,0.189453125,0.462890625,0.13671875
64,0,1,0.037109375,0.373046875,nan,0.3359375,0.384765625,0.0
64,0,2,0.451171875,0.490234375,-0.078125,0.0390625,0.3623046875,-0.0224609375
64,0,3,0.443359375,0.390625,0.046875,-0.052734375,0.3427734375,-0.0419921875
64,0,4,0.3955078125,0.41015625,-0.0048828125,0.0146484375,0.3681640625,-0.0166015625
64,1,1,0.0302734375,0.3828125,nan,0.3525390625,0.3544921875,0.0
64,1,2,0.5029296875,0.4794921875,-0.1201171875,-0.0234375,0.36328125,0.0087890625
64,1,3,0.4072265625,0.4140625,0.072265625,0.0068359375,0.40234375,0.0478515625
64,1,4,0.40625,0.404296875,0.0078125,-0.001953125,0.37890625,0.0244140625
64,2,1,0.033203125,0.3359375,nan,0.302734375,0.37109375,0.0
64,2,2,0.4443359375,0.431640625,-0.1083984375,-0.0126953125,0.3515625,-0.01953125
64,2,3,0.404296875,0.392578125,0.02734375,-0.01171875,0.4052734375,0.0341796875
64,2,4,0.416015625,0.42578125,-0.0234375,0.009765625,0.3671875,-0.00390625
64,3,1,0.03515625,0.3515625,nan,0.31640625,0.3671875,0.0
64,3,2,0.4736328125,0.466796875,-0.1220703125,-0.0068359375,0.3740234375,0.0068359375
64,3,3,0.40234375,0.4033203125,0.064453125,0.0009765625,0.3671875,0.0
64,3,4,0.3984375,0.4033203125,0.0048828125,0.0048828125,0.37109375,0.00390625
64,4,1,0.0419921875,0.375,nan,0.3330078125,0.3583984375,0.0
64,4,2,0.4697265625,0.44140625,-0.0947265625,-0.0283203125,0.3603515625,0.001953125
64,4,3,0.4013671875,0.43359375,0.0400390625,0.0322265625,0.3916015625,0.033203125
64,4,4,0.39453125,0.380859375,0.0390625,-0.013671875,0.3759765625,0.017578125
256,0,1,0.0419921875,0.3798828125,nan,0.337890625,0.388671875,0.0
256,0,2,0.4169921875,0.0263671875,-0.037109375,-0.390625,0.03125,-0.357421875
256,0,3,0.025390625,0.38671875,0.0009765625,0.361328125,0.3818359375,-0.0068359375
256,0,4,0.4013671875,0.3671875,-0.0146484375,-0.0341796875,0.353515625,-0.03515625
256,1,1,0.03125,0.341796875,nan,0.310546875,0.376953125,0.0
256,1,2,0.4052734375,0.3974609375,-0.0634765625,-0.0078125,0.3798828125,0.0029296875
256,1,3,0.361328125,0.3828125,0.0361328125,0.021484375,0.3828125,0.005859375
256,1,4,0.3759765625,0.380859375,0.0068359375,0.0048828125,0.390625,0.013671875
256,2,1,0.037109375,0.3515625,nan,0.314453125,0.3994140625,0.0
256,2,2,0.3935546875,0.3896484375,-0.0419921875,-0.00390625,0.3681640625,-0.03125
256,2,3,0.375,0.373046875,0.0146484375,-0.001953125,0.3818359375,-0.017578125
256,2,4,0.373046875,0.384765625,0.0,0.01171875,0.376953125,-0.0224609375
256,3,1,0.0439453125,0.3515625,nan,0.3076171875,0.34765625,0.0
256,3,2,0.365234375,0.4091796875,-0.013671875,0.0439453125,0.373046875,0.025390625
256,3,3,0.3896484375,0.3828125,0.01953125,-0.0068359375,0.3564453125,0.0087890625
256,3,4,0.4091796875,0.3583984375,-0.0263671875,-0.05078125,0.40234375,0.0546875
256,4,1,0.0400390625,0.3955078125,nan,0.35546875,0.3603515625,0.0
256,4,2,0.3916015625,0.353515625,0.00390625,-0.0380859375,0.3505859375,-0.009765625
256,4,3,0.3935546875,0.3779296875,-0.0400390625,-0.015625,0.3916015625,0.03125
256,4,4,0.3779296875,0.3837890625,0.0,0.005859375,0.3818359375,0.021484375
