diversity,seed,run,phase,interval,predictor_fraction,start_success,end_success,interval_gain,start_depth6,end_depth6,interval_gain_depth6,cosine_all,norm_current_all,norm_previous_all,cosine_shared,norm_current_shared,norm_previous_shared,cosine_policy,norm_current_policy,norm_previous_policy,cosine_value,norm_current_value,norm_previous_value
1,0,n1_seed0,2,start_to_mid,0.0,0.5634765625,0.5986328125,0.03515625,0.0,0.0,0.0,-0.09514625370502472,0.18788595497608185,0.07114341109991074,-0.053560931235551834,0.14849944412708282,0.03844895586371422,-0.19168145954608917,0.08766214549541473,0.059666767716407776,0.1024480015039444,0.0745948925614357,0.004789471626281738
1,0,n1_seed0,2,mid_to_end,0.5,0.5986328125,0.5712890625,-0.02734375,0.0,0.0,0.0,0.34371501207351685,0.07828021049499512,0.26955801248550415,0.5189592242240906,0.04134383052587509,0.20860294997692108,0.2546602189540863,0.06608447432518005,0.14724378287792206,0.48310941457748413,0.007163850124925375,0.08640377968549728
1,0,n1_seed0,3,start_to_mid,0.0,0.7861328125,0.4111328125,-0.375,0.0,0.0,0.0,0.3003765642642975,0.11179062724113464,0.07481148093938828,0.3896797001361847,0.05801164731383324,0.04082893580198288,0.21161489188671112,0.09256227314472198,0.059636496007442474,0.9175807237625122,0.0237490963190794,0.01931953802704811
1,0,n1_seed0,3,mid_to_end,0.5,0.4111328125,0.7861328125,0.375,0.0,0.0,0.0,0.9487147927284241,0.6258492469787598,0.3637638986110687,0.9594550728797913,0.4301571846008301,0.24693776667118073,0.9599543213844299,0.22317616641521454,0.1332252025604248,0.932836651802063,0.39603596925735474,0.23151016235351562
1,0,n1_seed0,4,start_to_mid,0.0,0.771484375,0.771484375,0.0,0.0,0.0,0.0,0.5175452828407288,0.10999574512243271,0.11719770729541779,0.22013267874717712,0.027128294110298157,0.05962403118610382,0.8295661211013794,0.08690403401851654,0.09132840484380722,-0.10136326402425766,0.0617317296564579,0.042888227850198746
1,0,n1_seed0,4,mid_to_end,0.5,0.771484375,0.767578125,-0.00390625,0.0,0.0,0.0,0.04839835688471794,0.044971659779548645,0.12773114442825317,-0.04709048941731453,0.011202167719602585,0.10097556561231613,-0.012726477347314358,0.04114765301346779,0.02491869404911995,0.3252560794353485,0.014276983216404915,0.07415010035037994
1,1,n1_seed1,2,start_to_mid,0.0,0.5849609375,0.5576171875,-0.02734375,0.0,0.0,0.0,-0.024280045181512833,0.19901925325393677,0.0642964318394661,-0.18075835704803467,0.1900266706943512,0.01260632835328579,0.028256002813577652,0.05090717226266861,0.06303165853023529,0.7216352224349976,0.030116206035017967,0.0014564970042556524
1,1,n1_seed1,2,mid_to_end,0.5,0.5576171875,0.5732421875,0.015625,0.0,0.0,0.0,0.012415077537298203,0.049374669790267944,0.07654977589845657,0.06407498568296432,0.02223953790962696,0.03177981823682785,0.045244328677654266,0.04360257834196091,0.05066429078578949,-0.3171961307525635,0.006486592814326286,0.04778118059039116
1,1,n1_seed1,3,start_to_mid,0.0,0.779296875,0.787109375,0.0078125,0.0,0.0,0.0,0.08476670831441879,0.1664358228445053,0.09569776058197021,0.02756703831255436,0.07628532499074936,0.06282338500022888,-0.13724379241466522,0.13449493050575256,0.06013434752821922,0.9464953541755676,0.061583660542964935,0.03993925079703331
1,1,n1_seed1,3,mid_to_end,0.5,0.787109375,0.77734375,-0.009765625,0.0,0.0,0.0,0.021270422264933586,0.15491722524166107,0.17263832688331604,-0.08905606716871262,0.01376250572502613,0.05261941999197006,0.04228857532143593,0.1540742814540863,0.14402784407138824,-0.45627591013908386,0.008429394103586674,0.0793168693780899
1,1,n1_seed1,4,start_to_mid,0.0,0.2451171875,0.7841796875,0.5390625,0.0,0.0,0.0,-0.11112742125988007,0.49443623423576355,0.0889495238661766,-0.20766808092594147,0.44823986291885376,0.059965841472148895,-0.15983916819095612,0.17117734253406525,0.05372034013271332,0.47948694229125977,0.11935874819755554,0.03781852871179581
1,1,n1_seed1,4,mid_to_end,0.5,0.7841796875,0.7802734375,-0.00390625,0.0,0.0,0.0,0.42619022727012634,0.09148947149515152,0.12364155054092407,0.30681079626083374,0.03327915817499161,0.09156309813261032,0.5845839977264404,0.0846494659781456,0.07528331130743027,0.46359339356422424,0.009863553568720818,0.035154759883880615
1,2,n1_seed2,2,start_to_mid,0.0,0.552734375,0.58203125,0.029296875,0.0,0.0,0.0,-0.028270460665225983,0.5598943829536438,0.11225447058677673,-0.0444929301738739,0.5199960470199585,0.028124729171395302,-0.028066543862223625,0.16596364974975586,0.10812801122665405,-0.45886877179145813,0.12466706335544586,0.010880988091230392
1,2,n1_seed2,2,mid_to_end,0.5,0.58203125,0.564453125,-0.017578125,0.0,0.0,0.0,0.2824833393096924,0.0885772556066513,0.18030117452144623,0.336174339056015,0.056861527264118195,0.1270170658826828,0.2558276355266571,0.06747590750455856,0.10869698226451874,0.39691582322120667,0.007726452779024839,0.0675288513302803
1,2,n1_seed2,3,start_to_mid,0.0,0.78125,0.78515625,0.00390625,0.0,0.0,0.0,-0.06277324259281158,0.33318984508514404,0.09303458034992218,-0.15796570479869843,0.29809632897377014,0.06490491330623627,0.04184651002287865,0.13706457614898682,0.06305167824029922,0.5969547033309937,0.05802895501255989,0.02161642350256443
1,2,n1_seed2,3,mid_to_end,0.5,0.78515625,0.7626953125,-0.0224609375,0.0,0.0,0.0,0.10205565392971039,0.03183530643582344,0.12031053751707077,-0.02265964262187481,0.00419935118407011,0.08806106448173523,0.13558071851730347,0.03142135962843895,0.06737513095140457,0.8220006227493286,0.002924114465713501,0.04669545590877533
1,2,n1_seed2,4,start_to_mid,0.0,0.8037109375,0.7822265625,-0.021484375,0.0,0.0,0.0,-0.40649595856666565,0.7995004057884216,0.24943532049655914,-0.49134108424186707,0.7567543387413025,0.22783561050891876,0.38343968987464905,0.15974296629428864,0.09673885256052017,-0.36447831988334656,0.20249921083450317,0.03083024173974991
1,2,n1_seed2,4,mid_to_end,0.5,0.7822265625,0.7763671875,-0.005859375,0.0,0.0,0.0,0.07280036807060242,0.07534438371658325,0.12281161546707153,-0.034178126603364944,0.004114511888474226,0.05350640416145325,0.34374889731407166,0.0752180740237236,0.027482932433485985,-0.19030292332172394,0.001445017522200942,0.10707215964794159
1,3,n1_seed3,2,start_to_mid,0.0,0.05078125,0.6025390625,0.5517578125,0.0,0.0,0.0,0.09075206518173218,0.3290472626686096,0.03973919525742531,-0.13127543032169342,0.2028992772102356,0.0045664506033062935,0.3982243239879608,0.05883129686117172,0.038763951510190964,0.21251408755779266,0.25227537751197815,0.007463754154741764
1,3,n1_seed3,2,mid_to_end,0.5,0.6025390625,0.591796875,-0.0107421875,0.0,0.0,0.0,-0.3316020667552948,0.04134761542081833,0.0719618871808052,-0.09685292840003967,0.002399457385763526,0.004399190656840801,-0.3357407748699188,0.04127673804759979,0.07102775573730469,-0.393140584230423,0.00031437756842933595,0.010687284171581268
1,3,n1_seed3,3,start_to_mid,0.0,0.7802734375,0.765625,-0.0146484375,0.0,0.0,0.0,0.2327968031167984,0.03567592427134514,0.057580675929784775,0.4392675757408142,0.004444845020771027,0.004501222167164087,-0.37892159819602966,0.013748463243246078,0.05262451991438866,0.994020938873291,0.0326189287006855,0.0229332372546196
1,3,n1_seed3,3,mid_to_end,0.5,0.765625,0.78125,0.015625,0.0,0.0,0.0,0.21456363797187805,0.03698589652776718,0.035794131457805634,-0.08712872117757797,0.001269423752091825,0.0022268639877438545,0.19827203452587128,0.03679021820425987,0.03448944166302681,0.9810241460800171,0.003581185359507799,0.009313405491411686
1,3,n1_seed3,4,start_to_mid,0.0,0.0,0.0,0.0,0.0,0.0,0.0,0.2214350551366806,0.12058205157518387,0.03743841126561165,0.10048239678144455,0.058991365134716034,0.0017846779664978385,0.3451821208000183,0.04078594222664833,0.03701996058225632,0.9126165509223938,0.09693583101034164,0.005288849119096994
1,3,n1_seed3,4,mid_to_end,0.5,0.0,0.0,0.0,0.0,0.0,0.0,0.11646801978349686,0.07504477351903915,0.03154028579592705,0.05292171612381935,0.0027671202551573515,0.013485723175108433,0.611105740070343,0.07493289560079575,0.006330942269414663,-0.19304275512695312,0.0030203056521713734,0.027800073847174644
1,4,n1_seed4,2,start_to_mid,0.0,0.0,0.56640625,0.56640625,0.0,0.0,0.0,0.5751100182533264,0.17188073694705963,0.09930678457021713,0.5108197331428528,0.09470513463020325,0.03947269544005394,0.45757395029067993,0.12491001188755035,0.06750781089067459,0.9380861520767212,0.07050827145576477,0.061208177357912064
1,4,n1_seed4,2,mid_to_end,0.5,0.56640625,0.5537109375,-0.0126953125,0.0,0.0,0.0,-0.16024143993854523,0.04961036890745163,0.17644596099853516,0.03850061818957329,0.031032808125019073,0.07402045279741287,-0.3087230622768402,0.038333382457494736,0.11972413957118988,-0.13026387989521027,0.00535774789750576,0.10639679431915283
1,4,n1_seed4,3,start_to_mid,0.0,0.79296875,0.779296875,-0.013671875,0.0,0.0,0.0,0.1788766086101532,0.3441416621208191,0.08181562274694443,0.11348734050989151,0.21349968016147614,0.0653090626001358,0.2998715937137604,0.2579095661640167,0.04621373489499092,-0.08817742764949799,0.07958665490150452,0.017111793160438538
1,4,n1_seed4,3,mid_to_end,0.5,0.779296875,0.7861328125,0.0068359375,0.0,0.0,0.0,0.08008839935064316,0.10691359639167786,0.0930972620844841,0.14048825204372406,0.03954929858446121,0.039869993925094604,0.060814838856458664,0.09907304495573044,0.07853217422962189,0.47599658370018005,0.007134726736694574,0.03016922064125538
1,4,n1_seed4,4,start_to_mid,0.0,0.78515625,0.76953125,-0.015625,0.0,0.0,0.0,-0.13837748765945435,0.1421634405851364,0.09162195026874542,0.011238796636462212,0.038848236203193665,0.04387794807553291,-0.1812884509563446,0.11337196081876755,0.07679471373558044,-0.13298632204532623,0.07647261023521423,0.02391396276652813
1,4,n1_seed4,4,mid_to_end,0.5,0.76953125,0.7822265625,0.0126953125,0.0,0.0,0.0,0.12623783946037292,0.11160073429346085,0.07385562360286713,0.03454146906733513,0.04753660783171654,0.03833584487438202,0.28234750032424927,0.10062865912914276,0.038176294416189194,-0.25676029920578003,0.008298754692077637,0.050275109708309174
4,0,n4_seed0,2,start_to_mid,0.0,0.3095703125,0.2880859375,-0.021484375,0.0,0.0,0.0,0.6535056829452515,0.10316254198551178,0.08770494163036346,0.6493180394172668,0.05261150002479553,0.029688270762562752,0.6693649888038635,0.08857035636901855,0.08223854750394821,0.6116893887519836,0.005461781285703182,0.006898166611790657
4,0,n4_seed0,2,mid_to_end,0.5,0.2880859375,0.291015625,0.0029296875,0.0,0.0,0.0,0.09101283550262451,0.05573685094714165,0.05470947548747063,0.32063913345336914,0.02735019475221634,0.0354684554040432,-0.03391842171549797,0.04827669635415077,0.037263158708810806,0.27958032488822937,0.005284303333610296,0.018616462126374245
4,0,n4_seed0,3,start_to_mid,0.0,0.5400390625,0.5546875,0.0146484375,0.0,0.0,0.0,0.19119824469089508,0.12087826430797577,0.039741192013025284,-0.06471462547779083,0.10290687531232834,0.024248672649264336,0.4425446689128876,0.04329139366745949,0.028500394895672798,0.8609719276428223,0.046342045068740845,0.01338251680135727
4,0,n4_seed0,3,mid_to_end,0.5,0.5546875,0.525390625,-0.029296875,0.0,0.0,0.0,0.11898654699325562,0.06277447193861008,0.10969661921262741,0.3159666955471039,0.042247526347637177,0.08078639209270477,-0.10860107839107513,0.04448780044913292,0.07330416142940521,0.6196830868721008,0.01328969281166792,0.011550153605639935
4,0,n4_seed0,4,start_to_mid,0.0,0.3515625,0.37890625,0.02734375,0.0,0.0,0.0,0.06690190732479095,0.11049053817987442,0.06663773208856583,-0.17275448143482208,0.07300961762666702,0.053373079746961594,0.34002235531806946,0.07719800621271133,0.03658967465162277,0.42591482400894165,0.03030218742787838,0.01590905711054802
4,0,n4_seed0,4,mid_to_end,0.5,0.37890625,0.4013671875,0.0224609375,0.0,0.0,0.0,-0.046597253531217575,0.0662192776799202,0.08529447019100189,-0.13556820154190063,0.03843669593334198,0.055271558463573456,-0.1768726110458374,0.051707491278648376,0.051413584500551224,0.8150384426116943,0.015295365825295448,0.039709508419036865
4,1,n4_seed1,2,start_to_mid,0.0,0.2880859375,0.3017578125,0.013671875,0.0,0.0,0.0,0.004035358317196369,0.1922009140253067,0.10444634407758713,-0.12496509402990341,0.13121828436851501,0.058414969593286514,0.08439289033412933,0.1385950893163681,0.08635589480400085,0.2024972289800644,0.022679420188069344,0.006276150234043598
4,1,n4_seed1,2,mid_to_end,0.5,0.3017578125,0.2783203125,-0.0234375,0.0,0.0,0.0,0.4156342148780823,0.08511724323034286,0.10931814461946487,0.2782052457332611,0.02987770549952984,0.06777431815862656,0.4999377727508545,0.07958720624446869,0.08157680183649063,0.5158869624137878,0.004259711131453514,0.026501400396227837
4,1,n4_seed1,3,start_to_mid,0.0,0.541015625,0.5478515625,0.0068359375,0.0,0.0,0.0,0.4667116105556488,0.08279048651456833,0.08063171058893204,-0.07832132279872894,0.041880443692207336,0.03193606808781624,0.7053845524787903,0.06723175197839737,0.07103494554758072,-0.2953389286994934,0.024087024852633476,0.020870963111519814
4,1,n4_seed1,3,mid_to_end,0.5,0.5478515625,0.5390625,-0.0087890625,0.0,0.0,0.0,0.02693196013569832,0.07799632102251053,0.5970221757888794,0.12477987259626389,0.036417800933122635,0.5879680514335632,-0.2057780921459198,0.0686744675040245,0.09969449043273926,-0.049433428794145584,0.006402147468179464,0.02810775674879551
4,1,n4_seed1,4,start_to_mid,0.0,0.333984375,0.4052734375,0.0712890625,0.0,0.0,0.0,0.25229254364967346,0.18130311369895935,0.16462838649749756,0.10838055610656738,0.14243921637535095,0.13555018603801727,0.4570322334766388,0.08769986778497696,0.0878492072224617,0.8618707060813904,0.06993301212787628,0.0317988321185112
4,1,n4_seed1,4,mid_to_end,0.5,0.4052734375,0.3740234375,-0.03125,0.0,0.0,0.0,-0.06640063971281052,0.06755243241786957,0.07777513563632965,-0.0318063423037529,0.03625587373971939,0.058368049561977386,-0.10634536296129227,0.05671935901045799,0.05051121115684509,0.43067118525505066,0.005635361652821302,0.009526846930384636
4,2,n4_seed2,2,start_to_mid,0.0,0.2900390625,0.2763671875,-0.013671875,0.0,0.0,0.0,-0.0944686010479927,0.10250892490148544,0.0439111664891243,0.10387526452541351,0.04290994629263878,0.012746312655508518,-0.18357756733894348,0.08729514479637146,0.04127052426338196,0.7014493346214294,0.03234772011637688,0.007903549820184708
4,2,n4_seed2,2,mid_to_end,0.5,0.2763671875,0.2841796875,0.0078125,0.0,0.0,0.0,-0.17416760325431824,0.06652642041444778,0.09645304828882217,-0.20550692081451416,0.01692662388086319,0.06142180413007736,-0.17084965109825134,0.06393091380596161,0.06419158726930618,-0.748230516910553,0.007217463105916977,0.03754986822605133
4,2,n4_seed2,3,start_to_mid,0.0,0.556640625,0.5546875,-0.001953125,0.0,0.0,0.0,0.6317108869552612,0.19454388320446014,0.15066953003406525,0.8355154395103455,0.15071633458137512,0.10901405662298203,0.35250645875930786,0.12055891752243042,0.10193328559398651,0.9049123525619507,0.024442855268716812,0.02066037431359291
4,2,n4_seed2,3,mid_to_end,0.5,0.5546875,0.5302734375,-0.0244140625,0.0,0.0,0.0,0.23284995555877686,0.05942777544260025,0.08720938116312027,0.018298830837011337,0.033057037740945816,0.04978477954864502,0.335798442363739,0.04909868538379669,0.06505977362394333,0.6548586487770081,0.005311458837240934,0.02990281768143177
4,2,n4_seed2,4,start_to_mid,0.0,0.376953125,0.3798828125,0.0029296875,0.0,0.0,0.0,0.18167436122894287,0.15550264716148376,0.07166150957345963,0.20150446891784668,0.1145857572555542,0.04914937540888786,0.14420285820960999,0.10325123369693756,0.050190966576337814,0.5087658166885376,0.01975763589143753,0.014162549749016762
4,2,n4_seed2,4,mid_to_end,0.5,0.3798828125,0.3828125,0.0029296875,0.0,0.0,0.0,-0.0007920938660390675,0.09322185069322586,0.06637230515480042,0.203505277633667,0.03339258208870888,0.046949755400419235,-0.08114476501941681,0.08694235980510712,0.04296000301837921,-0.2744109034538269,0.0040343813598155975,0.018853140994906425
4,3,n4_seed3,2,start_to_mid,0.0,0.267578125,0.2919921875,0.0244140625,0.0,0.0,0.0,0.24861149489879608,0.08927972614765167,0.07146110385656357,0.25989577174186707,0.061884406954050064,0.031135547906160355,0.30985546112060547,0.04569553583860397,0.06398708373308182,0.6043035387992859,0.04531122371554375,0.006551300175487995
4,3,n4_seed3,2,mid_to_end,0.5,0.2919921875,0.3193359375,0.02734375,0.0,0.0,0.0,0.27196064591407776,0.04821823537349701,0.060417868196964264,-0.11083207279443741,0.018774602562189102,0.024807320907711983,0.262172132730484,0.042230769991874695,0.04904256388545036,0.8720760941505432,0.013750452548265457,0.025094667449593544
4,3,n4_seed3,3,start_to_mid,0.0,0.54296875,0.5302734375,-0.0126953125,0.0,0.0,0.0,0.21688169240951538,0.11955126374959946,0.08748121559619904,0.060759592801332474,0.09366919845342636,0.054404325783252716,0.40323972702026367,0.07092171907424927,0.06736782193183899,0.1164081022143364,0.022106466814875603,0.012438197620213032
4,3,n4_seed3,3,mid_to_end,0.5,0.5302734375,0.5498046875,0.01953125,0.0,0.0,0.0,-0.0948653519153595,0.03509537875652313,0.08076462894678116,-0.19413496553897858,0.020568447187542915,0.02577045001089573,-0.07487744837999344,0.02838914655148983,0.07622214406728745,-0.34585079550743103,0.0016374069964513183,0.006999574601650238
4,3,n4_seed3,4,start_to_mid,0.0,0.376953125,0.4013671875,0.0244140625,0.0,0.0,0.0,0.14558662474155426,0.059879109263420105,0.07142186164855957,0.3193623125553131,0.03665182366967201,0.0374089740216732,0.036528173834085464,0.044816430658102036,0.05988170579075813,0.5271307229995728,0.015285254456102848,0.010762510821223259
4,3,n4_seed3,4,mid_to_end,0.5,0.4013671875,0.3662109375,-0.03515625,0.0,0.0,0.0,-0.35460609197616577,0.056309644132852554,0.07497888058423996,-0.03890697658061981,0.018721822649240494,0.041856613010168076,-0.4561198055744171,0.05307425186038017,0.060026783496141434,-0.4497777223587036,0.001842023222707212,0.016329169273376465
4,4,n4_seed4,2,start_to_mid,0.0,0.2939453125,0.29296875,-0.0009765625,0.0,0.0,0.0,-0.1441681981086731,0.13541579246520996,0.02423655055463314,0.3364766538143158,0.07429619133472443,0.013079551979899406,-0.3745093047618866,0.1128484457731247,0.01965896040201187,0.6177520155906677,0.009096126072108746,0.005464519839733839
4,4,n4_seed4,2,mid_to_end,0.5,0.29296875,0.2724609375,-0.0205078125,0.0,0.0,0.0,0.45727935433387756,0.06339289993047714,0.09697292000055313,0.027068857103586197,0.018228374421596527,0.028393667191267014,0.681763231754303,0.059714894741773605,0.0791492611169815,-0.8019143342971802,0.01097805891185999,0.04830053821206093
4,4,n4_seed4,3,start_to_mid,0.0,0.546875,0.5458984375,-0.0009765625,0.0,0.0,0.0,0.41666126251220703,0.1049671396613121,0.08426831662654877,0.030870189890265465,0.06364428997039795,0.04023323953151703,0.5738062858581543,0.07957322895526886,0.07209242880344391,0.7394307255744934,0.025211218744516373,0.016885435208678246
4,4,n4_seed4,3,mid_to_end,0.5,0.5458984375,0.5517578125,0.005859375,0.0,0.0,0.0,0.183513805270195,0.09378161281347275,0.10158742964267731,0.09350200742483139,0.05524354428052902,0.04027266055345535,0.1991472840309143,0.07425546646118164,0.09250077605247498,0.9566178917884827,0.015141555108129978,0.01190484594553709
4,4,n4_seed4,4,start_to_mid,0.0,0.390625,0.404296875,0.013671875,0.0,0.0,0.0,0.38416650891304016,0.11908581107854843,0.07276307791471481,0.40730032324790955,0.08538223057985306,0.052484624087810516,0.3420947194099426,0.07981782406568527,0.049676563590765,0.759946346282959,0.022812722250819206,0.008489317260682583
4,4,n4_seed4,4,mid_to_end,0.5,0.404296875,0.38671875,-0.017578125,0.0,0.0,0.0,0.11661862581968307,0.08246441185474396,0.11197022348642349,0.1579369157552719,0.05287047475576401,0.06999769061803818,0.0888831615447998,0.06312606483697891,0.0862976536154747,0.1307651549577713,0.004493572283536196,0.013797460123896599
16,0,n16_seed0,2,start_to_mid,0.0,0.5126953125,0.5146484375,0.001953125,0.0,0.0,0.0,0.7022398710250854,0.06889414042234421,0.05298379063606262,0.8081541657447815,0.03895893692970276,0.02607494592666626,0.6642754077911377,0.05672692507505417,0.046082764863967896,0.9316922426223755,0.0032648274209350348,0.0019385949708521366
16,0,n16_seed0,2,mid_to_end,0.5,0.5146484375,0.509765625,-0.0048828125,0.0,0.0,0.0,0.6569029092788696,0.04476887360215187,0.057817596942186356,0.4324013292789459,0.005613737739622593,0.010785349644720554,0.663964569568634,0.04432589188218117,0.0567830353975296,0.7099537253379822,0.0028201958630234003,0.0014957394450902939
16,0,n16_seed0,3,start_to_mid,0.0,0.5107421875,0.4638671875,-0.046875,0.0,0.0,0.0,0.5000091195106506,0.035869091749191284,0.06563829630613327,-0.727654755115509,0.005711880512535572,0.006855177227407694,0.5218189358711243,0.03539889305830002,0.06519138813018799,0.4719146490097046,0.0009403887088410556,0.003387607168406248
16,0,n16_seed0,3,mid_to_end,0.5,0.4638671875,0.4814453125,0.017578125,0.0,0.0,0.0,0.9053837060928345,0.049174197018146515,0.12158174812793732,-0.7132623791694641,0.005099944770336151,0.008027294650673866,0.9194658994674683,0.04842688515782356,0.12109356373548508,0.9986078143119812,0.006850481033325195,0.007350726053118706
16,0,n16_seed0,4,start_to_mid,0.0,0.3232421875,0.302734375,-0.0205078125,0.0,0.0,0.0,-0.0627787709236145,0.035523366183042526,0.04161927103996277,0.4112296402454376,0.0030335932970046997,0.010299374349415302,-0.12526676058769226,0.03445065766572952,0.039521776139736176,0.9986349940299988,0.008115369826555252,0.008007224649190903
16,0,n16_seed0,4,mid_to_end,0.5,0.302734375,0.3212890625,0.0185546875,0.0,0.0,0.0,-0.026324842125177383,0.06517758965492249,0.028190098702907562,0.5357576608657837,0.0012569732498377562,0.0010142704704776406,-0.0601181723177433,0.06473428755998611,0.02713811956346035,0.9995133876800537,0.007483986206352711,0.007561444770544767
16,1,n16_seed1,2,start_to_mid,0.0,0.5302734375,0.5166015625,-0.013671875,0.0,0.0,0.0,0.3729264736175537,0.05118543654680252,0.08317331224679947,0.2384859025478363,0.021384062245488167,0.02068966068327427,0.3863135576248169,0.045074932277202606,0.08018319308757782,0.9660243988037109,0.011442086659371853,0.00777123449370265
16,1,n16_seed1,2,mid_to_end,0.5,0.5166015625,0.513671875,-0.0029296875,0.0,0.0,0.0,-0.38056743144989014,0.037526778876781464,0.04751993715763092,-0.12090636044740677,0.00988527201116085,0.005154917947947979,-0.4111786484718323,0.035947564989328384,0.046964652836322784,0.9958398938179016,0.004279406275600195,0.005088481120765209
16,1,n16_seed1,3,start_to_mid,0.0,0.5029296875,0.5029296875,0.0,0.0,0.0,0.0,-0.17176873981952667,0.027490753680467606,0.03329984471201897,-0.25996050238609314,0.006562182679772377,0.0035230990033596754,-0.17413151264190674,0.026643851771950722,0.03308464214205742,0.9910567998886108,0.0016686540329828858,0.001368911238387227
16,1,n16_seed1,3,mid_to_end,0.5,0.5029296875,0.484375,-0.0185546875,0.0,0.0,0.0,-0.3748956620693207,0.10149571299552917,0.09783817827701569,0.7840381860733032,0.03289713338017464,0.024799220263957977,-0.4851813018321991,0.09588415920734406,0.09441874176263809,0.9162700176239014,0.005038630682975054,0.006512094754725695
16,1,n16_seed1,4,start_to_mid,0.0,0.3349609375,0.3701171875,0.03515625,0.0,0.0,0.0,-0.20458650588989258,0.07816631346940994,0.057271867990493774,-0.082480788230896,0.008266374468803406,0.00927598588168621,-0.20722192525863647,0.07770804315805435,0.05639810115098953,-0.21619439125061035,0.0017599029233679175,0.0036437709350138903
16,1,n16_seed1,4,mid_to_end,0.5,0.3701171875,0.314453125,-0.0556640625,0.0,0.0,0.0,0.08455751091241837,0.029314622282981873,0.03877639397978783,-0.31747907400131226,0.0031742339488118887,0.002923248801380396,0.0810617059469223,0.029009085148572922,0.0384824313223362,0.8183490633964539,0.002782843541353941,0.003763738786801696
16,2,n16_seed2,2,start_to_mid,0.0,0.0,0.0,0.0,0.0,0.0,0.0,-0.18034406006336212,0.06852253526449203,0.0823855772614479,0.07780168950557709,0.03764837235212326,0.03777594864368439,-0.2730732262134552,0.057048648595809937,0.07305040955543518,0.3913724720478058,0.004836265929043293,0.004898871295154095
16,2,n16_seed2,2,mid_to_end,0.5,0.0,0.0,0.0,0.0,0.0,0.0,0.06179427355527878,0.08173136413097382,0.07428897172212601,0.04169272631406784,0.03940126672387123,0.028928928077220917,0.08345239609479904,0.07143547385931015,0.06677791476249695,-0.9527963995933533,0.004952733404934406,0.014922394417226315
16,2,n16_seed2,3,start_to_mid,0.0,0.0,0.0,0.0,0.0,0.0,0.0,-0.4815498888492584,0.07134609669446945,0.045435089617967606,-0.34998878836631775,0.04835047200322151,0.016060205176472664,-0.5805302262306213,0.052352167665958405,0.04247865453362465,0.3698958456516266,0.0034274975769221783,0.0014076598454266787
16,2,n16_seed2,3,mid_to_end,0.5,0.0,0.0,0.0,0.0,0.0,0.0,-0.01304531842470169,0.04498305544257164,0.04733870178461075,-0.6021774411201477,0.024049891158938408,0.019605666399002075,0.15182195603847504,0.037935443222522736,0.04290865361690521,0.9400489926338196,0.0024454521480947733,0.0039265151135623455
16,2,n16_seed2,4,start_to_mid,0.0,0.0,0.0,0.0,0.0,0.0,0.0,-0.12918487191200256,0.060635145753622055,0.0467708483338356,0.10430101305246353,0.02198113314807415,0.02357642352581024,-0.18632248044013977,0.05647515133023262,0.04030298441648483,0.6781083941459656,0.002001984976232052,0.002708151238039136
16,2,n16_seed2,4,mid_to_end,0.5,0.0,0.0,0.0,0.0,0.0,0.0,0.5998373031616211,0.09578907489776611,0.06576985120773315,0.22828558087348938,0.009540899656713009,0.01398362684994936,0.6108297109603882,0.09502933919429779,0.06312306225299835,0.9528563022613525,0.007344657555222511,0.012066924944519997
16,3,n16_seed3,2,start_to_mid,0.0,0.5087890625,0.4921875,-0.0166015625,0.0,0.0,0.0,0.29234421253204346,0.040432874113321304,0.050020523369312286,-0.05074946582317352,0.00950402021408081,0.014075355604290962,0.308435320854187,0.03870660439133644,0.04783237725496292,0.992146909236908,0.006803655531257391,0.004000054206699133
16,3,n16_seed3,2,mid_to_end,0.5,0.4921875,0.5283203125,0.0361328125,0.0,0.0,0.0,0.9572754502296448,0.43759533762931824,0.31826579570770264,0.9873805046081543,0.20185521245002747,0.15200205147266388,0.9481081962585449,0.3715136647224426,0.27264508605003357,0.9985104203224182,0.11279061436653137,0.06207392364740372
16,3,n16_seed3,3,start_to_mid,0.0,0.5068359375,0.4541015625,-0.052734375,0.0,0.0,0.0,0.3489084839820862,0.09465013444423676,0.10135556012392044,0.6425835490226746,0.04903513938188553,0.025405287742614746,0.3198554217815399,0.08050714433193207,0.09802499413490295,0.6106186509132385,0.008532535284757614,0.004315221682190895
16,3,n16_seed3,3,mid_to_end,0.5,0.4541015625,0.5029296875,0.048828125,0.0,0.0,0.0,0.30055880546569824,0.06322266906499863,0.07643471658229828,0.4809790253639221,0.016186971217393875,0.027829868718981743,0.28324538469314575,0.06091596931219101,0.07109106332063675,0.4979686439037323,0.004932801239192486,0.0037182257510721684
16,3,n16_seed3,4,start_to_mid,0.0,0.322265625,0.341796875,0.01953125,0.0,0.0,0.0,0.17350250482559204,0.083607517182827,0.1262919306755066,0.206181600689888,0.06123155727982521,0.02723303809762001,0.21155907213687897,0.05688845366239548,0.12328480184078217,0.6917741298675537,0.002148787258192897,0.002978280186653137
16,3,n16_seed3,4,mid_to_end,0.5,0.341796875,0.2919921875,-0.0498046875,0.0,0.0,0.0,0.5999187231063843,0.06615464389324188,0.13269548118114471,0.4934183955192566,0.02803308703005314,0.061845406889915466,0.6275429129600525,0.059749092906713486,0.11677046865224838,0.5896605849266052,0.004541836678981781,0.012161091901361942
16,4,n16_seed4,2,start_to_mid,0.0,0.50390625,0.505859375,0.001953125,0.0,0.0,0.0,0.05089370161294937,0.07087449729442596,0.06755688786506653,-0.07316672056913376,0.05247548222541809,0.04878741875290871,0.19611841440200806,0.047512371093034744,0.04658586159348488,-0.2420375645160675,0.0034774430096149445,0.003671238897368312
16,4,n16_seed4,2,mid_to_end,0.5,0.505859375,0.50390625,-0.001953125,0.0,0.0,0.0,-0.39358341693878174,0.07996796816587448,0.10751139372587204,-0.23025156557559967,0.02547541819512844,0.0639372393488884,-0.46312233805656433,0.07566565275192261,0.0863141268491745,0.7710001468658447,0.004537414293736219,0.004538694396615028
16,4,n16_seed4,3,start_to_mid,0.0,0.4736328125,0.5078125,0.0341796875,0.0,0.0,0.0,0.21921607851982117,0.08398180454969406,0.08656371384859085,0.013493673875927925,0.057885173708200455,0.0706222727894783,0.5056682825088501,0.0606195367872715,0.049730945378541946,0.4696495234966278,0.005246139597147703,0.005710043013095856
16,4,n16_seed4,3,mid_to_end,0.5,0.5078125,0.52734375,0.01953125,0.0,0.0,0.0,-0.29678401350975037,0.05391106754541397,0.06777795404195786,0.1954248994588852,0.029977906495332718,0.03720034286379814,-0.5373608469963074,0.04476844519376755,0.05479512736201286,0.5857061743736267,0.0018747833091765642,0.014404152520000935
16,4,n16_seed4,4,start_to_mid,0.0,0.3125,0.3330078125,0.0205078125,0.0,0.0,0.0,0.623839259147644,0.09333547204732895,0.08651144802570343,0.15155251324176788,0.05253135412931442,0.035723038017749786,0.7810512185096741,0.07671041786670685,0.07794369757175446,0.8751225471496582,0.008214562200009823,0.011527146212756634
16,4,n16_seed4,4,mid_to_end,0.5,0.3330078125,0.501953125,0.1689453125,0.0,0.0,0.0,-0.47338593006134033,0.08277501910924911,0.104644775390625,-0.4199220538139343,0.052992261946201324,0.08237946033477783,-0.5612321496009827,0.06354822963476181,0.06377419084310532,0.3235361874103546,0.002268508542329073,0.00984920747578144
64,0,n64_seed0,2,start_to_mid,0.0,0.451171875,0.4287109375,-0.0224609375,0.013793103448275862,0.006578947368421052,-0.00721415607985481,0.05304781720042229,0.06529412418603897,0.10005471855401993,0.07340022176504135,0.03328324481844902,0.04060416668653488,0.02433045022189617,0.05432727560400963,0.0909990593791008,0.9858251214027405,0.01428619958460331,0.009023305959999561
64,0,n64_seed0,2,mid_to_end,0.5,0.4287109375,0.490234375,0.0615234375,0.006578947368421052,0.0379746835443038,0.031395736175882746,0.5276491641998291,0.06004643812775612,0.2084420770406723,0.764196515083313,0.04275603964924812,0.20163558423519135,0.005630159750580788,0.04205755889415741,0.05277130752801895,0.4607572853565216,0.002942322753369808,0.0025255565997213125
64,0,n64_seed0,3,start_to_mid,0.0,0.443359375,0.4228515625,-0.0205078125,0.0,0.0,0.0,-0.31443390250205994,0.08767228573560715,0.06426779180765152,0.35271233320236206,0.049736086279153824,0.02741757035255432,-0.5566718578338623,0.07168499380350113,0.05778833106160164,0.9920623302459717,0.008603081107139587,0.006255778018385172
64,0,n64_seed0,3,mid_to_end,0.5,0.4228515625,0.390625,-0.0322265625,0.0,0.0,0.0,-0.19821855425834656,0.05911311134696007,0.05498034507036209,0.16019940376281738,0.011214103549718857,0.009163332171738148,-0.21140846610069275,0.05801041051745415,0.054173290729522705,0.9861499667167664,0.0018428254406899214,0.0020312978886067867
64,0,n64_seed0,4,start_to_mid,0.0,0.3955078125,0.42578125,0.0302734375,0.0,0.0,0.0,0.8091140389442444,0.05337199941277504,0.04243207350373268,0.0020172325894236565,0.007264344021677971,0.006754373665899038,0.8270098567008972,0.05284048989415169,0.04186202958226204,0.9812379479408264,0.0019189614104107022,0.001558696269057691
64,0,n64_seed0,4,mid_to_end,0.5,0.42578125,0.41015625,-0.015625,0.0,0.0,0.0,-0.76961350440979,0.046752363443374634,0.05072686821222305,-0.6630055904388428,0.008548781275749207,0.005874451249837875,-0.7748366594314575,0.045954588800668716,0.05035930499434471,0.8126853704452515,0.0009367181919515133,0.0016268533654510975
64,1,n64_seed1,2,start_to_mid,0.0,0.5029296875,0.4599609375,-0.04296875,0.030303030303030304,0.037037037037037035,0.006734006734006731,0.7260881066322327,0.07750449329614639,0.0919375792145729,0.7592335939407349,0.037413254380226135,0.05274204537272453,0.7140533924102783,0.0670686885714531,0.07470174878835678,0.9883059859275818,0.010439648292958736,0.009510239586234093
64,1,n64_seed1,2,mid_to_end,0.5,0.4599609375,0.4794921875,0.01953125,0.037037037037037035,0.014084507042253521,-0.022952529994783512,0.12588855624198914,0.05744820088148117,0.0638430267572403,-0.09231176227331161,0.03249819204211235,0.03819449990987778,0.22949105501174927,0.04697659984230995,0.050924014300107956,0.9144778847694397,0.006112449802458286,0.004884424153715372
64,1,n64_seed1,3,start_to_mid,0.0,0.4072265625,0.4033203125,-0.00390625,0.0,0.0,0.0,-0.4062325060367584,0.08408194035291672,0.09017948806285858,-0.38703006505966187,0.06428735703229904,0.06238158792257309,-0.45730626583099365,0.0534856803715229,0.06477184593677521,0.9539394378662109,0.00872874166816473,0.006744290702044964
64,1,n64_seed1,3,mid_to_end,0.5,0.4033203125,0.4140625,0.0107421875,0.0,0.0,0.0,0.019701505079865456,0.06804484128952026,0.08074957877397537,0.025901533663272858,0.04866306856274605,0.0607292614877224,0.01047623809427023,0.04753226041793823,0.05297517031431198,0.6358836889266968,0.0016400603344663978,0.005107165314257145
64,1,n64_seed1,4,start_to_mid,0.0,0.40625,0.4482421875,0.0419921875,0.0,0.0,0.0,-0.2537500560283661,0.11117730289697647,0.0786680281162262,-0.1745738834142685,0.06191009655594826,0.05816417932510376,-0.32699674367904663,0.09226489812135696,0.05293631926178932,0.9156355857849121,0.0038367526140064,0.0018258901545777917
64,1,n64_seed1,4,mid_to_end,0.5,0.4482421875,0.404296875,-0.0439453125,0.0,0.0,0.0,0.0330340750515461,0.06875023990869522,0.08767744898796082,0.013057642616331577,0.055126335471868515,0.06327617913484573,0.06129410117864609,0.041001662611961365,0.06067211180925369,0.27970269322395325,0.0025585072580724955,0.0015344916610047221
64,2,n64_seed2,2,start_to_mid,0.0,0.4443359375,0.4619140625,0.017578125,0.012658227848101266,0.006134969325153374,-0.006523258522947891,0.05001963675022125,0.08812494575977325,0.06274443864822388,-0.052587367594242096,0.03701537102460861,0.026238394901156425,0.06898559629917145,0.07984097301959991,0.05687694624066353,0.8505958914756775,0.004613921511918306,0.0036638483870774508
64,2,n64_seed2,2,mid_to_end,0.5,0.4619140625,0.431640625,-0.0302734375,0.006134969325153374,0.017964071856287425,0.011829102531134051,0.20781849324703217,0.0652814581990242,0.10724866390228271,0.2732623517513275,0.0427686832845211,0.07708152383565903,0.1436360627412796,0.049036506563425064,0.07420769333839417,0.8110334277153015,0.005284843500703573,0.007343887817114592
64,2,n64_seed2,3,start_to_mid,0.0,0.404296875,0.4326171875,0.0283203125,0.0,0.0,0.0,0.6406192183494568,0.10290369391441345,0.07767992466688156,0.5967415571212769,0.06063922867178917,0.051338233053684235,0.6686164736747742,0.08252855390310287,0.05779628828167915,0.9639307856559753,0.010054449550807476,0.00762536795809865
64,2,n64_seed2,3,mid_to_end,0.5,0.4326171875,0.392578125,-0.0400390625,0.0,0.0,0.0,0.31979063153266907,0.07187288999557495,0.06731786578893661,0.37933194637298584,0.051184285432100296,0.05671653896570206,0.2350054383277893,0.05022027716040611,0.03597734495997429,0.9694441556930542,0.004879023414105177,0.004534408915787935
64,2,n64_seed2,4,start_to_mid,0.0,0.416015625,0.3984375,-0.017578125,0.0,0.0,0.0,0.1652919054031372,0.10327232629060745,0.05186883360147476,0.11148498207330704,0.08682846277952194,0.03611404448747635,0.25122058391571045,0.05578980967402458,0.036743078380823135,0.9446426630020142,0.0036726242396980524,0.006008148193359375
64,2,n64_seed2,4,mid_to_end,0.5,0.3984375,0.42578125,0.02734375,0.0,0.0,0.0,0.1637388914823532,0.08024001121520996,0.09193626046180725,0.13808490335941315,0.06632694602012634,0.07371915131807327,0.21459122002124786,0.045139558613300323,0.05491853505373001,0.45002442598342896,0.0012713639298453927,0.0013101815711706877
64,3,n64_seed3,2,start_to_mid,0.0,0.4736328125,0.44921875,-0.0244140625,0.055944055944055944,0.012903225806451613,-0.04304083013760433,0.8361806273460388,0.06982707977294922,0.11196135729551315,0.93870609998703,0.03962625190615654,0.04591761529445648,0.8220480680465698,0.05734247341752052,0.10188218951225281,0.9315463900566101,0.004173922352492809,0.006851154379546642
64,3,n64_seed3,2,mid_to_end,0.5,0.44921875,0.466796875,0.017578125,0.012903225806451613,0.02040816326530612,0.007504937458854508,0.2750711143016815,0.0628165751695633,0.06968771666288376,0.5977787971496582,0.024625927209854126,0.03899511694908142,0.17725135385990143,0.0573757104575634,0.05730215832591057,0.9502747058868408,0.006893081124871969,0.0072264764457941055
64,3,n64_seed3,3,start_to_mid,0.0,0.40234375,0.408203125,0.005859375,0.0,0.0,0.0,0.544282078742981,0.08772333711385727,0.07150556892156601,0.08600854128599167,0.04483955353498459,0.029996899887919426,0.6615808010101318,0.07402657717466354,0.06364385783672333,0.9942044615745544,0.014313084073364735,0.012755082920193672
64,3,n64_seed3,3,mid_to_end,0.5,0.408203125,0.4033203125,-0.0048828125,0.0,0.0,0.0,0.10112349689006805,0.05303307622671127,0.07441708445549011,0.21756082773208618,0.035567738115787506,0.05745111033320427,-0.029192272573709488,0.039190370589494705,0.04716838523745537,0.7085921764373779,0.0033997315913438797,0.003523747669532895
64,3,n64_seed3,4,start_to_mid,0.0,0.3984375,0.408203125,0.009765625,0.0,0.0,0.0,-0.18583472073078156,0.0641806349158287,0.05786222219467163,-0.1813003271818161,0.042214248329401016,0.04145163297653198,-0.19209010899066925,0.048264279961586,0.04032454267144203,0.1829332411289215,0.002769503043964505,0.0019313523080199957
64,3,n64_seed3,4,mid_to_end,0.5,0.408203125,0.4033203125,-0.0048828125,0.0,0.0,0.0,-0.07301946729421616,0.07981891930103302,0.06679989397525787,0.007134948391467333,0.057792436331510544,0.04305334389209747,-0.14574675261974335,0.05502234026789665,0.05092429742217064,0.17311282455921173,0.0019070989219471812,0.00391815509647131
64,4,n64_seed4,2,start_to_mid,0.0,0.4697265625,0.466796875,-0.0029296875,0.034722222222222224,0.026845637583892617,-0.007876584638329607,0.43942761421203613,0.0766923651099205,0.06581375747919083,0.6720277667045593,0.03593272715806961,0.039521604776382446,0.3511417806148529,0.06756936013698578,0.052485086023807526,0.9537426829338074,0.004993923008441925,0.003848337335512042
64,4,n64_seed4,2,mid_to_end,0.5,0.466796875,0.44140625,-0.025390625,0.026845637583892617,0.012121212121212121,-0.014724425462680496,0.5276748538017273,0.06068764999508858,0.09170102328062057,0.4661133587360382,0.04279027879238129,0.05266648530960083,0.5810688138008118,0.04259676858782768,0.07485761493444443,0.9660540223121643,0.006123639177531004,0.005626405123621225
64,4,n64_seed4,3,start_to_mid,0.0,0.4013671875,0.4072265625,0.005859375,0.0,0.0,0.0,0.3377070426940918,0.08917968720197678,0.10347530245780945,0.2625100910663605,0.05876172333955765,0.07156068831682205,0.40009984374046326,0.06695759296417236,0.0746367946267128,0.8029612898826599,0.004093660973012447,0.003943777643144131
64,4,n64_seed4,3,mid_to_end,0.5,0.4072265625,0.43359375,0.0263671875,0.0,0.0,0.0,-0.3202027380466461,0.06289283186197281,0.08456473797559738,-0.13579295575618744,0.035361696034669876,0.041678640991449356,-0.3948160707950592,0.0519496314227581,0.07354164123535156,0.9190782308578491,0.002508861478418112,0.0023902321700006723
64,4,n64_seed4,4,start_to_mid,0.0,0.39453125,0.431640625,0.037109375,0.0,0.0,0.0,0.6623026132583618,0.0667882189154625,0.0826929360628128,0.7807247638702393,0.047473009675741196,0.0679008960723877,0.4994812309741974,0.04613528028130531,0.04654880613088608,0.9921362400054932,0.008860893547534943,0.007797354366630316
64,4,n64_seed4,4,mid_to_end,0.5,0.431640625,0.380859375,-0.05078125,0.0,0.0,0.0,0.32650628685951233,0.06772327423095703,0.06133565679192543,0.12469805032014847,0.030806077644228935,0.04636452719569206,0.48015639185905457,0.06005927175283432,0.03966359421610832,0.9962638020515442,0.00550565030425787,0.006260400637984276
256,0,n256_seed0,2,start_to_mid,0.0,0.4169921875,0.0,-0.4169921875,0.00684931506849315,0.0,-0.00684931506849315,0.0711001604795456,0.057812001556158066,0.08225691318511963,0.367159903049469,0.041241440922021866,0.03353364020586014,-0.0760788694024086,0.03969527408480644,0.07478413730859756,0.990294873714447,0.008102855645120144,0.00700194388628006
256,0,n256_seed0,2,mid_to_end,0.5,0.0,0.0263671875,0.0263671875,0.0,0.0,0.0,0.1386856585741043,0.05326316878199577,0.06707940995693207,0.08392342925071716,0.03034939058125019,0.03023453988134861,0.13917291164398193,0.04299014434218407,0.05937881022691727,0.9945679903030396,0.008229640312492847,0.007725086063146591
256,0,n256_seed0,3,start_to_mid,0.0,0.025390625,0.3837890625,0.3583984375,0.0,0.0,0.0,0.6856546998023987,0.07604900747537613,0.098734050989151,0.746300458908081,0.06126893684267998,0.07584359496831894,0.5890284776687622,0.04444074630737305,0.06281890720129013,0.688909113407135,0.007388410158455372,0.007067348808050156
256,0,n256_seed0,3,mid_to_end,0.5,0.3837890625,0.38671875,0.0029296875,0.0,0.0,0.0,0.1768288016319275,0.07172679156064987,0.044723108410835266,0.35622453689575195,0.033980969339609146,0.009445302188396454,0.16142360866069794,0.0630984827876091,0.04359938204288483,0.9488994479179382,0.0029340225737541914,0.0031680690590292215
256,0,n256_seed0,4,start_to_mid,0.0,0.4013671875,0.419921875,0.0185546875,0.0,0.0,0.0,0.2729465365409851,0.043014079332351685,0.0550086572766304,0.31506624817848206,0.018646251410245895,0.02442009374499321,0.25562983751296997,0.038546741008758545,0.049055859446525574,0.9666532874107361,0.004083736799657345,0.004809743259102106
256,0,n256_seed0,4,mid_to_end,0.5,0.419921875,0.3671875,-0.052734375,0.0,0.0,0.0,0.23271870613098145,0.05724663659930229,0.04696117714047432,0.3906998038291931,0.03691975027322769,0.021975526586174965,0.14970742166042328,0.04331722855567932,0.04087626188993454,0.9878476858139038,0.006142215337604284,0.007180496584624052
256,1,n256_seed1,2,start_to_mid,0.0,0.4052734375,0.373046875,-0.0322265625,0.005780346820809248,0.0,-0.005780346820809248,0.1736050695180893,0.043046943843364716,0.05352209135890007,0.6413235664367676,0.03149133175611496,0.02950587309896946,-0.25554952025413513,0.02741903066635132,0.04342815279960632,0.9963465929031372,0.010465751402080059,0.010392943397164345
256,1,n256_seed1,2,mid_to_end,0.5,0.373046875,0.3974609375,0.0244140625,0.0,0.0064516129032258064,0.0064516129032258064,0.7123183608055115,0.07864413410425186,0.09865093976259232,0.6605800986289978,0.029596328735351562,0.030139774084091187,0.714605450630188,0.0717528834939003,0.0929548442363739,0.997118353843689,0.012668132781982422,0.013527714647352695
256,1,n256_seed1,3,start_to_mid,0.0,0.361328125,0.3876953125,0.0263671875,0.0,0.0,0.0,0.6184015274047852,0.12445181608200073,0.12754158675670624,0.710870623588562,0.036459922790527344,0.038705967366695404,0.6091110706329346,0.11883991211652756,0.12142196297645569,0.7677709460258484,0.006000511348247528,0.0050407047383487225
256,1,n256_seed1,3,mid_to_end,0.5,0.3876953125,0.3828125,-0.0048828125,0.0,0.0,0.0,0.45230311155319214,0.08014922589063644,0.05487664043903351,0.46049484610557556,0.03366115316748619,0.024337012320756912,0.44074493646621704,0.07215774059295654,0.04867488518357277,0.9897130727767944,0.009169799275696278,0.007064747624099255
256,1,n256_seed1,4,start_to_mid,0.0,0.3759765625,0.37109375,-0.0048828125,0.0,0.0,0.0,0.47753244638442993,0.06730930507183075,0.08135198801755905,0.4999484419822693,0.045186009258031845,0.049067527055740356,0.44987064599990845,0.04883568361401558,0.06418456882238388,0.9909626245498657,0.010190323926508427,0.009532323107123375
256,1,n256_seed1,4,mid_to_end,0.5,0.37109375,0.380859375,0.009765625,0.0,0.0,0.0,0.26015159487724304,0.0850355327129364,0.07691093534231186,0.20750685036182404,0.06149274855852127,0.05769425258040428,0.30778974294662476,0.05802873894572258,0.05032087117433548,0.9925909638404846,0.009074666537344456,0.007380789611488581
256,2,n256_seed2,2,start_to_mid,0.0,0.3935546875,0.3916015625,-0.001953125,0.0,0.0,0.0,-0.1114799827337265,0.08655518293380737,0.06283598393201828,0.4658881723880768,0.04158599674701691,0.0349513404071331,-0.3541652262210846,0.07536052167415619,0.051339369267225266,0.9970971941947937,0.009121222421526909,0.009541160427033901
256,2,n256_seed2,2,mid_to_end,0.5,0.3916015625,0.3896484375,-0.001953125,0.0,0.006060606060606061,0.006060606060606061,0.6199226975440979,0.06320954859256744,0.06519149243831635,0.7686598300933838,0.045895691961050034,0.046860456466674805,0.45472195744514465,0.04331989958882332,0.045216020196676254,0.9822704195976257,0.003524091327562928,0.003088606521487236
256,2,n256_seed2,3,start_to_mid,0.0,0.375,0.4052734375,0.0302734375,0.0,0.0,0.0,0.26850077509880066,0.12524983286857605,0.07210739701986313,0.19964708387851715,0.09022007882595062,0.04629259929060936,0.3134581446647644,0.08606333285570145,0.05416212975978851,0.987326979637146,0.011872747913002968,0.011087651364505291
256,2,n256_seed2,3,mid_to_end,0.5,0.4052734375,0.373046875,-0.0322265625,0.0,0.0,0.0,-0.021203404292464256,0.07055333256721497,0.08952818065881729,-0.02824990637600422,0.04877191036939621,0.05996715649962425,-0.019790152087807655,0.050841182470321655,0.06634509563446045,0.9763308763504028,0.0037745696026831865,0.004190988838672638
256,2,n256_seed2,4,start_to_mid,0.0,0.373046875,0.3623046875,-0.0107421875,0.0,0.0,0.0,0.4935969412326813,0.07845941185951233,0.08844604343175888,0.5535798072814941,0.056345339864492416,0.07375379651784897,0.42169734835624695,0.05458084121346474,0.04879909008741379,0.8508729338645935,0.0014191868249326944,0.0013149634469300508
256,2,n256_seed2,4,mid_to_end,0.5,0.3623046875,0.384765625,0.0224609375,0.0,0.0,0.0,-0.29202350974082947,0.05628519877791405,0.06622955203056335,0.013583029620349407,0.02421542815864086,0.03330731391906738,-0.38161247968673706,0.0507708303630352,0.057123105973005295,0.9701109528541565,0.0019898025784641504,0.0037318223621696234
256,3,n256_seed3,2,start_to_mid,0.0,0.365234375,0.38671875,0.021484375,0.012195121951219513,0.0,-0.012195121951219513,0.723946750164032,0.08944763988256454,0.10222747921943665,0.7125745415687561,0.037238262593746185,0.048689596354961395,0.7288295030593872,0.08124774694442749,0.08980991691350937,0.7151079773902893,0.00360509124584496,0.0037360158748924732
256,3,n256_seed3,2,mid_to_end,0.5,0.38671875,0.4091796875,0.0224609375,0.0,0.0,0.0,0.5982238054275513,0.08403433114290237,0.11599736660718918,0.7372704148292542,0.04550226032733917,0.05805632099509239,0.5409384369850159,0.06981781870126724,0.09984833747148514,0.9719215631484985,0.010806716978549957,0.010731355287134647
256,3,n256_seed3,3,start_to_mid,0.0,0.3896484375,0.40625,0.0166015625,0.0,0.0,0.0,0.27596020698547363,0.13253752887248993,0.0516672283411026,0.07754876464605331,0.02845112979412079,0.02013886161148548,0.2986941933631897,0.1294037103652954,0.04744628071784973,0.9440496563911438,0.0033778739161789417,0.0035747941583395004
256,3,n256_seed3,3,mid_to_end,0.5,0.40625,0.3828125,-0.0234375,0.0,0.0,0.0,-0.28892573714256287,0.09187519550323486,0.06403638422489166,-0.05660771206021309,0.044409092515707016,0.03389646112918854,-0.3715651035308838,0.08018957823514938,0.05422571301460266,0.05041844770312309,0.006205944810062647,0.003355693770572543
256,3,n256_seed3,4,start_to_mid,0.0,0.4091796875,0.375,-0.0341796875,0.0,0.0,0.0,-0.04112902656197548,0.09160774201154709,0.08578445762395859,-0.05953873693943024,0.05676200985908508,0.05842132866382599,-0.03266071900725365,0.07180673629045486,0.06251402944326401,0.9093484282493591,0.0037209810689091682,0.00615766691043973
256,3,n256_seed3,4,mid_to_end,0.5,0.375,0.3583984375,-0.0166015625,0.0,0.0,0.0,0.0906355008482933,0.06724077463150024,0.10097163915634155,-0.019172130152583122,0.04945877939462662,0.08235200494527817,0.23244264721870422,0.04459863901138306,0.057458437979221344,0.9960982799530029,0.00927965808659792,0.010580483824014664
256,4,n256_seed4,2,start_to_mid,0.0,0.3916015625,0.3818359375,-0.009765625,0.006756756756756757,0.006097560975609756,-0.0006591957811470008,0.07849955558776855,0.06539638340473175,0.06127714738249779,0.5578314065933228,0.04754389077425003,0.03857743367552757,-0.3357643485069275,0.04481250047683716,0.047542642802000046,0.9449320435523987,0.0028470829129219055,0.0025233058258891106
256,4,n256_seed4,2,mid_to_end,0.5,0.3818359375,0.353515625,-0.0283203125,0.006097560975609756,0.005780346820809248,-0.00031721415480050804,0.43925532698631287,0.061596471816301346,0.0489247664809227,0.48818448185920715,0.04121912643313408,0.03082157112658024,0.39629217982292175,0.045420702546834946,0.03767695277929306,0.9115906953811646,0.005662913434207439,0.004910302348434925
256,4,n256_seed4,3,start_to_mid,0.0,0.3935546875,0.3701171875,-0.0234375,0.0,0.0,0.0,0.22667573392391205,0.07626347243785858,0.06700503826141357,0.2940030097961426,0.04508586600422859,0.03647228702902794,0.195365309715271,0.06146365404129028,0.056127581745386124,0.12506020069122314,0.002366657368838787,0.003023522673174739
256,4,n256_seed4,3,mid_to_end,0.5,0.3701171875,0.3779296875,0.0078125,0.0,0.0,0.0,0.344184011220932,0.08130207657814026,0.0738590657711029,0.2788345515727997,0.04345963895320892,0.049726150929927826,0.3884541690349579,0.06859958916902542,0.05449669808149338,0.8617054224014282,0.0039222058840096,0.003547053085640073
256,4,n256_seed4,4,start_to_mid,0.0,0.3779296875,0.400390625,0.0224609375,0.0,0.0,0.0,0.6492124795913696,0.09707259386777878,0.07840267568826675,0.41607922315597534,0.055124908685684204,0.03770563378930092,0.7416171431541443,0.07982174307107925,0.06863487511873245,0.9656508564949036,0.0035806670784950256,0.0038103896658867598
256,4,n256_seed4,4,mid_to_end,0.5,0.400390625,0.3837890625,-0.0166015625,0.0,0.0,0.0,0.44709083437919617,0.08855810016393661,0.0992027297616005,0.4986110329627991,0.060808662325143814,0.06889931112527847,0.3997754752635956,0.06432098150253296,0.07134150713682175,0.7352406978607178,0.00276673655025661,0.0021110905800014734
