diversity,seed,target_phase,transition,previous_end_success,start_success,end_success,transfer_gap,specialization_gain,previous_end_depth6,start_depth6,end_depth6,transfer_gap_depth6,specialization_gain_depth6
1,0,2,d1->d2,0.400390625,0.5634765625,0.5712890625,-0.1630859375,0.0078125,0.0,0.0,0.0,0.0,0.0
1,0,3,d2->d3,0.5712890625,0.7861328125,0.7861328125,-0.21484375,0.0,0.0,0.0,0.0,0.0,0.0
1,0,4,d3->d4,0.7861328125,0.771484375,0.767578125,0.0146484375,-0.00390625,0.0,0.0,0.0,0.0,0.0
1,1,2,d1->d2,0.3759765625,0.5849609375,0.5732421875,-0.208984375,-0.01171875,0.0,0.0,0.0,0.0,0.0
1,1,3,d2->d3,0.5732421875,0.779296875,0.77734375,-0.2060546875,-0.001953125,0.0,0.0,0.0,0.0,0.0
1,1,4,d3->d4,0.77734375,0.2451171875,0.7802734375,0.5322265625,0.53515625,0.0,0.0,0.0,0.0,0.0
1,2,2,d1->d2,0.408203125,0.552734375,0.564453125,-0.14453125,0.01171875,0.0,0.0,0.0,0.0,0.0
1,2,3,d2->d3,0.564453125,0.78125,0.7626953125,-0.216796875,-0.0185546875,0.0,0.0,0.0,0.0,0.0
1,2,4,d3->d4,0.7626953125,0.8037109375,0.7763671875,-0.041015625,-0.02734375,0.0,0.0,0.0,0.0,0.0
1,3,2,d1->d2,0.369140625,0.05078125,0.591796875,0.318359375,0.541015625,0.0,0.0,0.0,0.0,0.0
1,3,3,d2->d3,0.591796875,0.7802734375,0.78125,-0.1884765625,0.0009765625,0.0,0.0,0.0,0.0,0.0
1,3,4,d3->d4,0.78125,0.0,0.0,0.78125,0.0,0.0,0.0,0.0,0.0,0.0
1,4,2,d1->d2,0.0,0.0,0.5537109375,0.0,0.5537109375,0.0,0.0,0.0,0.0,0.0
1,4,3,d2->d3,0.5537109375,0.79296875,0.7861328125,-0.2392578125,-0.0068359375,0.0,0.0,0.0,0.0,0.0
1,4,4,d3->d4,0.7861328125,0.78515625,0.7822265625,0.0009765625,-0.0029296875,0.0,0.0,0.0,0.0,0.0
4,0,2,d1->d2,0.73828125,0.3095703125,0.291015625,0.4287109375,-0.0185546875,0.0,0.0,0.0,0.0,0.0
4,0,3,d2->d3,0.291015625,0.5400390625,0.525390625,-0.2490234375,-0.0146484375,0.0,0.0,0.0,0.0,0.0
4,0,4,d3->d4,0.525390625,0.3515625,0.4013671875,0.173828125,0.0498046875,0.0,0.0,0.0,0.0,0.0
4,1,2,d1->d2,0.681640625,0.2880859375,0.2783203125,0.3935546875,-0.009765625,0.0,0.0,0.0,0.0,0.0
4,1,3,d2->d3,0.2783203125,0.541015625,0.5390625,-0.2626953125,-0.001953125,0.0,0.0,0.0,0.0,0.0
4,1,4,d3->d4,0.5390625,0.333984375,0.3740234375,0.205078125,0.0400390625,0.0,0.0,0.0,0.0,0.0
4,2,2,d1->d2,0.6962890625,0.2900390625,0.2841796875,0.40625,-0.005859375,0.0,0.0,0.0,0.0,0.0
4,2,3,d2->d3,0.2841796875,0.556640625,0.5302734375,-0.2724609375,-0.0263671875,0.0,0.0,0.0,0.0,0.0
4,2,4,d3->d4,0.5302734375,0.376953125,0.3828125,0.1533203125,0.005859375,0.0,0.0,0.0,0.0,0.0
4,3,2,d1->d2,0.650390625,0.267578125,0.3193359375,0.3828125,0.0517578125,0.0,0.0,0.0,0.0,0.0
4,3,3,d2->d3,0.3193359375,0.54296875,0.5498046875,-0.2236328125,0.0068359375,0.0,0.0,0.0,0.0,0.0
4,3,4,d3->d4,0.5498046875,0.376953125,0.3662109375,0.1728515625,-0.0107421875,0.0,0.0,0.0,0.0,0.0
4,4,2,d1->d2,0.68359375,0.2939453125,0.2724609375,0.3896484375,-0.021484375,0.0,0.0,0.0,0.0,0.0
4,4,3,d2->d3,0.2724609375,0.546875,0.5517578125,-0.2744140625,0.0048828125,0.0,0.0,0.0,0.0,0.0
4,4,4,d3->d4,0.5517578125,0.390625,0.38671875,0.1611328125,-0.00390625,0.0,0.0,0.0,0.0,0.0
16,0,2,d1->d2,0.3583984375,0.5126953125,0.509765625,-0.154296875,-0.0029296875,0.0,0.0,0.0,0.0,0.0
16,0,3,d2->d3,0.509765625,0.5107421875,0.4814453125,-0.0009765625,-0.029296875,0.0,0.0,0.0,0.0,0.0
16,0,4,d3->d4,0.4814453125,0.3232421875,0.3212890625,0.158203125,-0.001953125,0.0,0.0,0.0,0.0,0.0
16,1,2,d1->d2,0.3369140625,0.5302734375,0.513671875,-0.193359375,-0.0166015625,0.0,0.0,0.0,0.0,0.0
16,1,3,d2->d3,0.513671875,0.5029296875,0.484375,0.0107421875,-0.0185546875,0.0,0.0,0.0,0.0,0.0
16,1,4,d3->d4,0.484375,0.3349609375,0.314453125,0.1494140625,-0.0205078125,0.0,0.0,0.0,0.0,0.0
16,2,2,d1->d2,0.0,0.0,0.0,0.0,0.0,0.0,0.0,0.0,0.0,0.0
16,2,3,d2->d3,0.0,0.0,0.0,0.0,0.0,0.0,0.0,0.0,0.0,0.0
16,2,4,d3->d4,0.0,0.0,0.0,0.0,0.0,0.0,0.0,0.0,0.0,0.0
16,3,2,d1->d2,0.34765625,0.5087890625,0.5283203125,-0.1611328125,0.01953125,0.0,0.0,0.0,0.0,0.0
16,3,3,d2->d3,0.5283203125,0.5068359375,0.5029296875,0.021484375,-0.00390625,0.0,0.0,0.0,0.0,0.0
16,3,4,d3->d4,0.5029296875,0.322265625,0.2919921875,0.1806640625,-0.0302734375,0.0,0.0,0.0,0.0,0.0
16,4,2,d1->d2,0.345703125,0.50390625,0.50390625,-0.158203125,0.0,0.0,0.0,0.0,0.0,0.0
16,4,3,d2->d3,0.50390625,0.4736328125,0.52734375,0.0302734375,0.0537109375,0.0,0.0,0.0,0.0,0.0
16,4,4,d3->d4,0.52734375,0.3125,0.501953125,0.21484375,0.189453125,0.0,0.0,0.0,0.0,0.0
64,0,2,d1->d2,0.373046875,0.451171875,0.490234375,-0.078125,0.0390625,0.0,0.013793103448275862,0.0379746835443038,-0.013793103448275862,0.024181580096027937
64,0,3,d2->d3,0.490234375,0.443359375,0.390625,0.046875,-0.052734375,0.0379746835443038,0.0,0.0,0.0379746835443038,0.0
64,0,4,d3->d4,0.390625,0.3955078125,0.41015625,-0.0048828125,0.0146484375,0.0,0.0,0.0,0.0,0.0
64,1,2,d1->d2,0.3828125,0.5029296875,0.4794921875,-0.1201171875,-0.0234375,0.0,0.030303030303030304,0.014084507042253521,-0.030303030303030304,-0.01621852326077678
64,1,3,d2->d3,0.4794921875,0.4072265625,0.4140625,0.072265625,0.0068359375,0.014084507042253521,0.0,0.0,0.014084507042253521,0.0
64,1,4,d3->d4,0.4140625,0.40625,0.404296875,0.0078125,-0.001953125,0.0,0.0,0.0,0.0,0.0
64,2,2,d1->d2,0.3359375,0.4443359375,0.431640625,-0.1083984375,-0.0126953125,0.0,0.012658227848101266,0.017964071856287425,-0.012658227848101266,0.005305844008186159
64,2,3,d2->d3,0.431640625,0.404296875,0.392578125,0.02734375,-0.01171875,0.017964071856287425,0.0,0.0,0.017964071856287425,0.0
64,2,4,d3->d4,0.392578125,0.416015625,0.42578125,-0.0234375,0.009765625,0.0,0.0,0.0,0.0,0.0
64,3,2,d1->d2,0.3515625,0.4736328125,0.466796875,-0.1220703125,-0.0068359375,0.0,0.055944055944055944,0.02040816326530612,-0.055944055944055944,-0.03553589267874982
64,3,3,d2->d3,0.466796875,0.40234375,0.4033203125,0.064453125,0.0009765625,0.02040816326530612,0.0,0.0,0.02040816326530612,0.0
64,3,4,d3->d4,0.4033203125,0.3984375,0.4033203125,0.0048828125,0.0048828125,0.0,0.0,0.0,0.0,0.0
64,4,2,d1->d2,0.375,0.4697265625,0.44140625,-0.0947265625,-0.0283203125,0.0,0.034722222222222224,0.012121212121212121,-0.034722222222222224,-0.0226010101010101
64,4,3,d2->d3,0.44140625,0.4013671875,0.43359375,0.0400390625,0.0322265625,0.012121212121212121,0.0,0.0,0.012121212121212121,0.0
64,4,4,d3->d4,0.43359375,0.39453125,0.380859375,0.0390625,-0.013671875,0.0,0.0,0.0,0.0,0.0
256,0,2,d1->d2,0.3798828125,0.4169921875,0.0263671875,-0.037109375,-0.390625,0.0,0.00684931506849315,0.0,-0.00684931506849315,-0.00684931506849315
256,0,3,d2->d3,0.0263671875,0.025390625,0.38671875,0.0009765625,0.361328125,0.0,0.0,0.0,0.0,0.0
256,0,4,d3->d4,0.38671875,0.4013671875,0.3671875,-0.0146484375,-0.0341796875,0.0,0.0,0.0,0.0,0.0
256,1,2,d1->d2,0.341796875,0.4052734375,0.3974609375,-0.0634765625,-0.0078125,0.0,0.005780346820809248,0.0064516129032258064,-0.005780346820809248,0.0006712660824165582
256,1,3,d2->d3,0.3974609375,0.361328125,0.3828125,0.0361328125,0.021484375,0.0064516129032258064,0.0,0.0,0.0064516129032258064,0.0
256,1,4,d3->d4,0.3828125,0.3759765625,0.380859375,0.0068359375,0.0048828125,0.0,0.0,0.0,0.0,0.0
256,2,2,d1->d2,0.3515625,0.3935546875,0.3896484375,-0.0419921875,-0.00390625,0.0,0.0,0.006060606060606061,0.0,0.006060606060606061
256,2,3,d2->d3,0.3896484375,0.375,0.373046875,0.0146484375,-0.001953125,0.006060606060606061,0.0,0.0,0.006060606060606061,0.0
256,2,4,d3->d4,0.373046875,0.373046875,0.384765625,0.0,0.01171875,0.0,0.0,0.0,0.0,0.0
256,3,2,d1->d2,0.3515625,0.365234375,0.4091796875,-0.013671875,0.0439453125,0.0,0.012195121951219513,0.0,-0.012195121951219513,-0.012195121951219513
256,3,3,d2->d3,0.4091796875,0.3896484375,0.3828125,0.01953125,-0.0068359375,0.0,0.0,0.0,0.0,0.0
256,3,4,d3->d4,0.3828125,0.4091796875,0.3583984375,-0.0263671875,-0.05078125,0.0,0.0,0.0,0.0,0.0
256,4,2,d1->d2,0.3955078125,0.3916015625,0.353515625,0.00390625,-0.0380859375,0.0,0.006756756756756757,0.005780346820809248,-0.006756756756756757,-0.0009764099359475089
256,4,3,d2->d3,0.353515625,0.3935546875,0.3779296875,-0.0400390625,-0.015625,0.005780346820809248,0.0,0.0,0.005780346820809248,0.0
256,4,4,d3->d4,0.3779296875,0.3779296875,0.3837890625,0.0,0.005859375,0.0,0.0,0.0,0.0,0.0
